<?xml version="1.0" encoding="UTF-8"?>
<modification>
	<id>Mega Filter PRO</id>
	<version>1.5.x</version>
	<vqmver required="true">2.4.0</vqmver>
	<author>marsilea15@gmail.com</author>
	
	<file path="catalog/view/theme/moneymaker/template/product/" name="special.tpl">
		<operation>
			<search position="replace"><![CDATA[$product['attribute_groups']]]></search>
			<add><![CDATA[(isset($product['attribute_groups'])?$product['attribute_groups']:array())]]></add>
		</operation>
		<operation>
			<search position="replace"><![CDATA[<?php echo $product['stock']; ?>]]></search>
			<add><![CDATA[<?php echo isset( $product['stock'] ) ? $product['stock'] : ''; ?>]]></add>
		</operation>
	</file>
	
	<file path="catalog/controller/module/" name="mega_filter.php">
		<operation>
			<search position="replace"><![CDATA[utf8_substr(strip_tags(html_entity_decode($result['description'], ENT_QUOTES, 'UTF-8')), 0, 100) . '..']]></search>
			<add><![CDATA[$this->config->get('mmr_common_catalog_descriptions_enabled') ? utf8_substr(strip_tags(html_entity_decode($result['description'], ENT_QUOTES, 'UTF-8')), 0, $this->config->get('mmr_common_descriptions_limit')) . '..' : 0]]></add>
		</operation>
		<operation>
			<search position="after"><![CDATA[$this->data['products'][] = array(]]></search>
			<add><![CDATA[
                'model'   => $result['model'],
                'sku'   => $result['sku'],
                'upc'   => $result['upc'],
                'jan'   => $result['jan'],
                'ean'   => $result['ean'],
                'isbn'  => $result['isbn'],
                'mpn'   => $result['mpn'],
                'viewed'=> $result['viewed'],
                'meta_description'=> $this->config->get('mmr_common_catalog_metadescriptions_enabled') ? $result['meta_description'] : 0,
                'date_available'=> $result['date_available'],
                'quantity'=> $result['quantity'],
                'stock'=> ($result['quantity']<=0) ? $result['stock_status'] : $this->language->get('text_instock'),
                'mmr_savings'=> $mmr_savings,
                'attribute_groups' => $this->config->get('mmr_common_catalog_attributes_enabled') ? $this->model_catalog_product->getProductAttributes($result['product_id']) : 0,
			]]></add>
		</operation>
		<operation>
			<search position="before"><![CDATA[if ($this->config->get('config_tax')) {]]></search>
			<add><![CDATA[
				if ((float)$result['special']) {
				    $mmr_savings = $this->currency->format((($result['special'])-($result['price']))*(-1));
			    } else {
				    $mmr_savings = false;
			    }
			]]></add>
		</operation>
		<operation>
			<search position="before"><![CDATA[$this->data = array_merge($this->data, $this->language->load('product/search'));]]></search>
			<add><![CDATA[
				$this->data = array_merge($this->data, $this->language->load('product/product'));
			]]></add>
		</operation>
	</file>
    	

</modification>