<?xml version="1.0" encoding="utf-8"?>
<modification>
    <name>Moneymaker 2 Opencart.pro 2.3 Modules Adaptation</name>
    <version>2.7.2</version>
    <author>RGB</author>
    <code>moneymaker2oppro23modulesadaptation</code>
    <link>https://2.mnmkr.com</link>
    <file path="catalog/controller/extension/module/ajax_viewed.php">
    <operation>
		<search><![CDATA[$this->load->model('setting/setting');]]></search>
		<add position="after"><![CDATA[
		/*mmr*/
		$this->load->language('product/product');
		$this->load->language('extension/module/moneymaker2');
		$data['moneymaker2_text_old_price'] = $this->language->get('text_old_price');
		$data['moneymaker2_modules_quickorder_enabled'] = $this->config->get('moneymaker2_modules_quickorder_enabled');
		if ($data['moneymaker2_modules_quickorder_enabled']) {
			$data['moneymaker2_modules_quickorder_display_catalog'] = $this->config->get('moneymaker2_modules_quickorder_display_catalog');
			$data['moneymaker2_modules_quickorder_button_title'] = $this->config->get('moneymaker2_modules_quickorder_button_title');
			$data['moneymaker2_modules_quickorder_button_title'] = isset($data['moneymaker2_modules_quickorder_button_title'][$this->config->get('config_language_id')]) ? $data['moneymaker2_modules_quickorder_button_title'][$this->config->get('config_language_id')] : null;
		}
		$data['moneymaker2_common_buy_hide'] = $this->config->get('moneymaker2_common_buy_hide');
		$data['moneymaker2_common_wishlist_hide'] = $this->config->get('moneymaker2_common_wishlist_hide');
		$data['moneymaker2_common_wishlist_caption'] = $this->config->get('moneymaker2_common_wishlist_caption');
		$data['moneymaker2_common_compare_hide'] = $this->config->get('moneymaker2_common_compare_hide');
		$data['moneymaker2_common_compare_caption'] = $this->config->get('moneymaker2_common_compare_caption');
		$data['moneymaker2_common_cart_outofstock_disabled'] = $this->config->get('moneymaker2_common_cart_outofstock_disabled');
		$data['moneymaker2_common_price_detached'] = $this->config->get('moneymaker2_common_price_detached');
		$data['moneymaker2_stickers_mode'] = $this->config->get('moneymaker2_modules_stickers_mode');
		$data['moneymaker2_stickers_size_catalog'] = $this->config->get('moneymaker2_modules_stickers_size_catalog');
		$data['moneymaker2_modules_featured_carousel'] = $this->config->get('moneymaker2_modules_featured_carousel');
		$data['moneymaker2_modules_featured_carousel_autoplay'] = $this->config->get('moneymaker2_modules_featured_carousel_autoplay');
		if ($data['moneymaker2_modules_featured_carousel']) {
			$this->document->addStyle('catalog/view/javascript/jquery/owl-carousel/owl.carousel.css');
			$this->document->addStyle('catalog/view/javascript/jquery/owl-carousel/owl.moneymaker2.css');
			$this->document->addScript('catalog/view/javascript/jquery/owl-carousel/owl.carousel.min.js');
		}
		/*mmr*/
		]]></add>
    </operation>
	<operation>
		<search><![CDATA[$data['products'][] = array(]]></search>
		<add position="replace"><![CDATA[
		/*mmr*/
		$moneymaker2_stickers = array();
		if ($special) {
			if ($this->config->get('moneymaker2_modules_stickers_specials_enabled')) {
				$moneymaker2_modules_stickers_specials_caption = $this->config->get('moneymaker2_modules_stickers_specials_caption');
				$moneymaker2_modules_stickers_specials_discount = $this->config->get('moneymaker2_modules_stickers_specials_discount') ? ($this->config->get('moneymaker2_modules_stickers_specials_discount_mode') ? "-".round(100-(($product_info['special']/$product_info['price'])*100))."%" : "-".$this->currency->format((($product_info['special'])-($product_info['price']))*(-1), $this->session->data['currency'])) : '';
				$moneymaker2_stickers[] = array(
					'type' => 'special',
					'icon' => $this->config->get('moneymaker2_modules_stickers_specials_icon'),
					'caption' => $this->config->get('moneymaker2_modules_stickers_specials_discount') ? "<b>".$moneymaker2_modules_stickers_specials_discount."</b> ".(isset($moneymaker2_modules_stickers_specials_caption[$this->config->get('config_language_id')]) ? $moneymaker2_modules_stickers_specials_caption[$this->config->get('config_language_id')] : null) : (isset($moneymaker2_modules_stickers_specials_caption[$this->config->get('config_language_id')]) ? $moneymaker2_modules_stickers_specials_caption[$this->config->get('config_language_id')] : null),
				);
			}
		}
		if ($product_info['viewed']) {
			if ($this->config->get('moneymaker2_modules_stickers_popular_enabled')) {
				if ($product_info['viewed']>=$this->config->get('moneymaker2_modules_stickers_popular_limit')) {
					$moneymaker2_modules_stickers_popular_caption = $this->config->get('moneymaker2_modules_stickers_popular_caption');
					$moneymaker2_stickers[] = array(
						'type' => 'popular',
						'icon' => $this->config->get('moneymaker2_modules_stickers_popular_icon'),
						'caption' => isset($moneymaker2_modules_stickers_popular_caption[$this->config->get('config_language_id')]) ? $moneymaker2_modules_stickers_popular_caption[$this->config->get('config_language_id')] : null,
					);
				}
			}
		}
		if ($product_info['rating']) {
			if ($this->config->get('moneymaker2_modules_stickers_rated_enabled')) {
				if ($product_info['rating']>=$this->config->get('moneymaker2_modules_stickers_rated_limit')) {
					$moneymaker2_modules_stickers_rated_caption = $this->config->get('moneymaker2_modules_stickers_rated_caption');
					$moneymaker2_stickers[] = array(
						'type' => 'rated',
						'icon' => $this->config->get('moneymaker2_modules_stickers_rated_icon'),
						'caption' => isset($moneymaker2_modules_stickers_rated_caption[$this->config->get('config_language_id')]) ? $moneymaker2_modules_stickers_rated_caption[$this->config->get('config_language_id')] : null,
					);
				}
			}
		}
		if ($product_info['date_available']) {
			if ($this->config->get('moneymaker2_modules_stickers_new_enabled')) {
				if ((round((strtotime(date("Y-m-d"))-strtotime($product_info['date_available']))/86400))<=$this->config->get('moneymaker2_modules_stickers_new_limit')) {
					$moneymaker2_modules_stickers_new_caption = $this->config->get('moneymaker2_modules_stickers_new_caption');
					$moneymaker2_stickers[] = array(
						'type' => 'new',
						'icon' => $this->config->get('moneymaker2_modules_stickers_new_icon'),
						'caption' => isset($moneymaker2_modules_stickers_new_caption[$this->config->get('config_language_id')]) ? $moneymaker2_modules_stickers_new_caption[$this->config->get('config_language_id')] : null,
					);
				}
			}
		}
		$moneymaker2_modules_stickers_customs = $this->config->get('moneymaker2_modules_stickers_customs');
		if (!empty($moneymaker2_modules_stickers_customs)){
			foreach ($moneymaker2_modules_stickers_customs as $key => $value) {
				if (isset($product_info[$value['field']])&&$product_info[$value['field']]) {
					$moneymaker2_modules_stickers_custom_caption = $value['caption'];
					$moneymaker2_stickers[] = array(
						'type' => 'custom'.$key,
						'icon' => $value['icon'],
						'caption' => isset($value['caption'][$this->config->get('config_language_id')]) ? $value['caption'][$this->config->get('config_language_id')] : null,
					);
				}
			}
		}
		if ($product_info['quantity'] <= 0) { $moneymaker2_stock = "<span class='stock'><span>" . $product_info['stock_status'] . "</span></span>"; } else { $moneymaker2_stock = "<span class='stock instock'><!--" . $this->language->get('text_stock') . "--> <span>" . $this->language->get('text_instock') . "</span></span>"; }
		if ($this->config->get('moneymaker2_catalog_products_code_field')&&isset($product_info[$this->config->get('moneymaker2_catalog_products_code_field')])&&$product_info[$this->config->get('moneymaker2_catalog_products_code_field')]&&$this->config->get('moneymaker2_modules_featured_code')) {$moneymaker2_code = "<span class='code'>".$this->language->get('text_model')." <span>".$product_info[$this->config->get('moneymaker2_catalog_products_code_field')]."</span></span>";} else {$moneymaker2_code = '';}
		$moneymaker2_addtocart_tooltip = '';
		if ($data['moneymaker2_common_cart_outofstock_disabled']&&$product_info['quantity'] <= 0) {
			if (!$data['moneymaker2_common_price_detached']) { $moneymaker2_addtocart_tooltip = "<p class='text-muted'>" . $data['button_cart'] . "</p>"; }
			$moneymaker2_addtocart_tooltip .= "<p>".$moneymaker2_stock."</p>";
		} else if (!$data['moneymaker2_common_price_detached']) {
			$moneymaker2_addtocart_tooltip .= "<p>".$data['button_cart']."</p>";
		}
		if ($price&&$special) { $moneymaker2_addtocart_tooltip .= "<p>".$data['moneymaker2_text_old_price']." ".$price."</p>"; }
		$moneymaker2_addtocart_class = 'btn ';
		if ($data['moneymaker2_common_cart_outofstock_disabled']&&$product_info['quantity'] <= 0) {
			$moneymaker2_addtocart_class .= 'disabled ';
		}
		if (!$special) {
			$moneymaker2_addtocart_class .= 'btn-primary';
		} else {
			$moneymaker2_addtocart_class .= 'btn-danger';
		}
		if ($data['moneymaker2_modules_quickorder_enabled']) {
			$moneymaker2_quickorder_tooltip = '';
			if ($data['moneymaker2_common_cart_outofstock_disabled']&&$product_info['quantity'] <= 0) {
				$moneymaker2_quickorder_tooltip .= "<p class='text-muted'>" . $data['moneymaker2_modules_quickorder_button_title'] . "</p>";
				$moneymaker2_quickorder_tooltip .= "<p>" . $moneymaker2_stock . "</p>";
			} else {
				$moneymaker2_quickorder_tooltip .= "<p>" . $data['moneymaker2_modules_quickorder_button_title'] . "</p>";
			}
			$moneymaker2_quickorder_class = 'btn btn-default';
			if ($data['moneymaker2_common_cart_outofstock_disabled']&&$product_info['quantity'] <= 0) {
				$moneymaker2_quickorder_class .= ' disabled';
			}
		}
		$data['products'][] = array(
			'stickers'              => $moneymaker2_stickers,
			'stock'                 => $this->config->get('moneymaker2_modules_featured_stock') ? $moneymaker2_stock : '',
			'code'                  => $this->config->get('moneymaker2_modules_featured_code') ? $moneymaker2_code : '',
			'sold'                  => $data['moneymaker2_common_cart_outofstock_disabled']&&$product_info['quantity'] <= 0 ? true : false,
			'quantity'              => $product_info['quantity'],
			'sort_order'            => $product_info['sort_order'],
			'review_count'          => $product_info['reviews'],
			'addtocart_tooltip'     => $moneymaker2_addtocart_tooltip,
			'addtocart_class'       => $moneymaker2_addtocart_class,
			'quickorder_tooltip'    => $data['moneymaker2_modules_quickorder_enabled'] ? $moneymaker2_quickorder_tooltip : '',
			'quickorder_class'      => $data['moneymaker2_modules_quickorder_enabled'] ? $moneymaker2_quickorder_class : '',
		/*mmr*/
		]]></add>
	</operation>
	<operation>
	<search><![CDATA['description' => utf8_substr(strip_tags(html_entity_decode($product_info['description'], ENT_QUOTES, 'UTF-8')), 0, $this->config->get($this->config->get('config_theme') . '_product_description_length')) . '..',]]></search>
	<add position="replace"><![CDATA['description' => $this->config->get('moneymaker2_modules_featured_description') ? utf8_substr(strip_tags(html_entity_decode($product_info['description'], ENT_QUOTES, 'UTF-8')), 0, $this->config->get($this->config->get('config_theme') . '_product_description_length')) . '..' : '',]]></add>
	</operation>
</file>

<file path="catalog/controller/extension/module/popular.php">
	<operation>
		<search><![CDATA[$this->load->model('catalog/product');]]></search>
		<add position="before"><![CDATA[
	/*mmr*/
	$this->load->language('product/product');
	$this->load->language('extension/module/moneymaker2');
	$data['moneymaker2_text_old_price'] = $this->language->get('text_old_price');
	$data['moneymaker2_modules_quickorder_enabled'] = $this->config->get('moneymaker2_modules_quickorder_enabled');
	if ($data['moneymaker2_modules_quickorder_enabled']) {
		$data['moneymaker2_modules_quickorder_display_catalog'] = $this->config->get('moneymaker2_modules_quickorder_display_catalog');
		$data['moneymaker2_modules_quickorder_button_title'] = $this->config->get('moneymaker2_modules_quickorder_button_title');
		$data['moneymaker2_modules_quickorder_button_title'] = isset($data['moneymaker2_modules_quickorder_button_title'][$this->config->get('config_language_id')]) ? $data['moneymaker2_modules_quickorder_button_title'][$this->config->get('config_language_id')] : null;
	}
	$data['moneymaker2_common_buy_hide'] = $this->config->get('moneymaker2_common_buy_hide');
	$data['moneymaker2_common_wishlist_hide'] = $this->config->get('moneymaker2_common_wishlist_hide');
	$data['moneymaker2_common_wishlist_caption'] = $this->config->get('moneymaker2_common_wishlist_caption');
	$data['moneymaker2_common_compare_hide'] = $this->config->get('moneymaker2_common_compare_hide');
	$data['moneymaker2_common_compare_caption'] = $this->config->get('moneymaker2_common_compare_caption');
	$data['moneymaker2_common_cart_outofstock_disabled'] = $this->config->get('moneymaker2_common_cart_outofstock_disabled');
	$data['moneymaker2_common_price_detached'] = $this->config->get('moneymaker2_common_price_detached');
	$data['moneymaker2_stickers_mode'] = $this->config->get('moneymaker2_modules_stickers_mode');
	$data['moneymaker2_stickers_size_catalog'] = $this->config->get('moneymaker2_modules_stickers_size_catalog');
	$data['moneymaker2_modules_featured_carousel'] = $this->config->get('moneymaker2_modules_featured_carousel');
	$data['moneymaker2_modules_featured_carousel_autoplay'] = $this->config->get('moneymaker2_modules_featured_carousel_autoplay');
	if ($data['moneymaker2_modules_featured_carousel']) {
		$this->document->addStyle('catalog/view/javascript/jquery/owl-carousel/owl.carousel.css');
		$this->document->addStyle('catalog/view/javascript/jquery/owl-carousel/owl.moneymaker2.css');
		$this->document->addScript('catalog/view/javascript/jquery/owl-carousel/owl.carousel.min.js');
	}
	/*mmr*/
	]]></add>
	</operation>
	<operation>
		<search><![CDATA[$data['products'][] = array(]]></search>
		<add position="replace"><![CDATA[
	/*mmr*/
	$moneymaker2_stickers = array();
	if ($special) {
		if ($this->config->get('moneymaker2_modules_stickers_specials_enabled')) {
			$moneymaker2_modules_stickers_specials_caption = $this->config->get('moneymaker2_modules_stickers_specials_caption');
			$moneymaker2_modules_stickers_specials_discount = $this->config->get('moneymaker2_modules_stickers_specials_discount') ? ($this->config->get('moneymaker2_modules_stickers_specials_discount_mode') ? "-".round(100-(($result['special']/$result['price'])*100))."%" : "-".$this->currency->format((($result['special'])-($result['price']))*(-1), $this->session->data['currency'])) : '';
			$moneymaker2_stickers[] = array(
				'type' => 'special',
				'icon' => $this->config->get('moneymaker2_modules_stickers_specials_icon'),
				'caption' => $this->config->get('moneymaker2_modules_stickers_specials_discount') ? "<b>".$moneymaker2_modules_stickers_specials_discount."</b> ".(isset($moneymaker2_modules_stickers_specials_caption[$this->config->get('config_language_id')]) ? $moneymaker2_modules_stickers_specials_caption[$this->config->get('config_language_id')] : null) : (isset($moneymaker2_modules_stickers_specials_caption[$this->config->get('config_language_id')]) ? $moneymaker2_modules_stickers_specials_caption[$this->config->get('config_language_id')] : null),
			);
		}
	}
	if ($result['viewed']) {
		if ($this->config->get('moneymaker2_modules_stickers_popular_enabled')) {
			if ($result['viewed']>=$this->config->get('moneymaker2_modules_stickers_popular_limit')) {
				$moneymaker2_modules_stickers_popular_caption = $this->config->get('moneymaker2_modules_stickers_popular_caption');
				$moneymaker2_stickers[] = array(
					'type' => 'popular',
					'icon' => $this->config->get('moneymaker2_modules_stickers_popular_icon'),
					'caption' => isset($moneymaker2_modules_stickers_popular_caption[$this->config->get('config_language_id')]) ? $moneymaker2_modules_stickers_popular_caption[$this->config->get('config_language_id')] : null,
				);
			}
		}
	}
	if ($result['rating']) {
		if ($this->config->get('moneymaker2_modules_stickers_rated_enabled')) {
			if ($result['rating']>=$this->config->get('moneymaker2_modules_stickers_rated_limit')) {
				$moneymaker2_modules_stickers_rated_caption = $this->config->get('moneymaker2_modules_stickers_rated_caption');
				$moneymaker2_stickers[] = array(
					'type' => 'rated',
					'icon' => $this->config->get('moneymaker2_modules_stickers_rated_icon'),
					'caption' => isset($moneymaker2_modules_stickers_rated_caption[$this->config->get('config_language_id')]) ? $moneymaker2_modules_stickers_rated_caption[$this->config->get('config_language_id')] : null,
				);
			}
		}
	}
	if ($result['date_available']) {
		if ($this->config->get('moneymaker2_modules_stickers_new_enabled')) {
			if ((round((strtotime(date("Y-m-d"))-strtotime($result['date_available']))/86400))<=$this->config->get('moneymaker2_modules_stickers_new_limit')) {
				$moneymaker2_modules_stickers_new_caption = $this->config->get('moneymaker2_modules_stickers_new_caption');
				$moneymaker2_stickers[] = array(
					'type' => 'new',
					'icon' => $this->config->get('moneymaker2_modules_stickers_new_icon'),
					'caption' => isset($moneymaker2_modules_stickers_new_caption[$this->config->get('config_language_id')]) ? $moneymaker2_modules_stickers_new_caption[$this->config->get('config_language_id')] : null,
				);
			}
		}
	}
	$moneymaker2_modules_stickers_customs = $this->config->get('moneymaker2_modules_stickers_customs');
	if (!empty($moneymaker2_modules_stickers_customs)){
		foreach ($moneymaker2_modules_stickers_customs as $key => $value) {
			if (isset($result[$value['field']])&&$result[$value['field']]) {
				$moneymaker2_modules_stickers_custom_caption = $value['caption'];
				$moneymaker2_stickers[] = array(
					'type' => 'custom'.$key,
					'icon' => $value['icon'],
					'caption' => isset($value['caption'][$this->config->get('config_language_id')]) ? $value['caption'][$this->config->get('config_language_id')] : null,
				);
			}
		}
	}
	if ($result['quantity'] <= 0) { $moneymaker2_stock = "<span class='stock'><span>" . $result['stock_status'] . "</span></span>"; } else { $moneymaker2_stock = "<span class='stock instock'><!--" . $this->language->get('text_stock') . "--> <span>" . $this->language->get('text_instock') . "</span></span>"; }
	if ($this->config->get('moneymaker2_catalog_products_code_field')&&isset($result[$this->config->get('moneymaker2_catalog_products_code_field')])&&$result[$this->config->get('moneymaker2_catalog_products_code_field')]&&$this->config->get('moneymaker2_modules_featured_code')) {$moneymaker2_code = "<span class='code'>".$this->language->get('text_model')." <span>".$result[$this->config->get('moneymaker2_catalog_products_code_field')]."</span></span>";} else {$moneymaker2_code = '';}
	$moneymaker2_addtocart_tooltip = '';
	if ($data['moneymaker2_common_cart_outofstock_disabled']&&$result['quantity'] <= 0) {
		if (!$data['moneymaker2_common_price_detached']) { $moneymaker2_addtocart_tooltip = "<p class='text-muted'>" . $data['button_cart'] . "</p>"; }
		$moneymaker2_addtocart_tooltip .= "<p>".$moneymaker2_stock."</p>";
	} else if (!$data['moneymaker2_common_price_detached']) {
		$moneymaker2_addtocart_tooltip .= "<p>".$data['button_cart']."</p>";
	}
	if ($price&&$special) { $moneymaker2_addtocart_tooltip .= "<p>".$data['moneymaker2_text_old_price']." ".$price."</p>"; }
	$moneymaker2_addtocart_class = 'btn ';
	if ($data['moneymaker2_common_cart_outofstock_disabled']&&$result['quantity'] <= 0) {
		$moneymaker2_addtocart_class .= 'disabled ';
	}
	if (!$special) {
		$moneymaker2_addtocart_class .= 'btn-primary';
	} else {
		$moneymaker2_addtocart_class .= 'btn-danger';
	}
	if ($data['moneymaker2_modules_quickorder_enabled']) {
		$moneymaker2_quickorder_tooltip = '';
		if ($data['moneymaker2_common_cart_outofstock_disabled']&&$result['quantity'] <= 0) {
			$moneymaker2_quickorder_tooltip .= "<p class='text-muted'>" . $data['moneymaker2_modules_quickorder_button_title'] . "</p>";
			$moneymaker2_quickorder_tooltip .= "<p>" . $moneymaker2_stock . "</p>";
		} else {
			$moneymaker2_quickorder_tooltip .= "<p>" . $data['moneymaker2_modules_quickorder_button_title'] . "</p>";
		}
		$moneymaker2_quickorder_class = 'btn btn-default';
		if ($data['moneymaker2_common_cart_outofstock_disabled']&&$result['quantity'] <= 0) {
			$moneymaker2_quickorder_class .= ' disabled';
		}
	}
	$data['products'][] = array(
		'stickers'              => $moneymaker2_stickers,
		'stock'                 => $this->config->get('moneymaker2_modules_featured_stock') ? $moneymaker2_stock : '',
		'code'                  => $this->config->get('moneymaker2_modules_featured_code') ? $moneymaker2_code : '',
		'sold'                  => $data['moneymaker2_common_cart_outofstock_disabled']&&$result['quantity'] <= 0 ? true : false,
		'quantity'              => $result['quantity'],
		'sort_order'            => $result['sort_order'],
		'review_count'          => $result['reviews'],
		'addtocart_tooltip'     => $moneymaker2_addtocart_tooltip,
		'addtocart_class'       => $moneymaker2_addtocart_class,
		'quickorder_tooltip'    => $data['moneymaker2_modules_quickorder_enabled'] ? $moneymaker2_quickorder_tooltip : '',
		'quickorder_class'      => $data['moneymaker2_modules_quickorder_enabled'] ? $moneymaker2_quickorder_class : '',
	/*mmr*/
	]]></add>
	</operation>
	<operation>
		<search><![CDATA['description'  => utf8_substr(strip_tags(html_entity_decode($result['description'], ENT_QUOTES, 'UTF-8')), 0, $this->config->get($this->config->get('config_theme') . '_product_description_length')) . '..',]]></search>
		<add position="replace"><![CDATA['description' => $this->config->get('moneymaker2_modules_featured_description') ? utf8_substr(strip_tags(html_entity_decode($result['description'], ENT_QUOTES, 'UTF-8')), 0, $this->config->get($this->config->get('config_theme') . '_product_description_length')) . '..' : '',]]></add>
	</operation>
</file>

<file path="catalog/controller/product/{mostviewed,bestseller,latest}*.php">
    <operation>
        <search><![CDATA[$this->load->model('catalog/product');]]></search>
		<add position="before"><![CDATA[
		/*mmr*/
		$this->load->language('product/product');
		$this->load->language('extension/module/moneymaker2');
		$data['moneymaker2_text_old_price'] = $this->language->get('text_old_price');
		$data['moneymaker2_modules_quickorder_enabled'] = $this->config->get('moneymaker2_modules_quickorder_enabled');
		if ($data['moneymaker2_modules_quickorder_enabled']) {
			$data['moneymaker2_modules_quickorder_display_catalog'] = $this->config->get('moneymaker2_modules_quickorder_display_catalog');
			$data['moneymaker2_modules_quickorder_button_title'] = $this->config->get('moneymaker2_modules_quickorder_button_title');
			$data['moneymaker2_modules_quickorder_button_title'] = isset($data['moneymaker2_modules_quickorder_button_title'][$this->config->get('config_language_id')]) ? $data['moneymaker2_modules_quickorder_button_title'][$this->config->get('config_language_id')] : null;
		}
		$data['moneymaker2_common_buy_hide'] = $this->config->get('moneymaker2_common_buy_hide');
		$data['moneymaker2_common_wishlist_hide'] = $this->config->get('moneymaker2_common_wishlist_hide');
		$data['moneymaker2_common_wishlist_caption'] = $this->config->get('moneymaker2_common_wishlist_caption');
		$data['moneymaker2_common_compare_hide'] = $this->config->get('moneymaker2_common_compare_hide');
		$data['moneymaker2_common_compare_caption'] = $this->config->get('moneymaker2_common_compare_caption');
		$data['moneymaker2_common_cart_outofstock_disabled'] = $this->config->get('moneymaker2_common_cart_outofstock_disabled');
		$data['moneymaker2_common_price_detached'] = $this->config->get('moneymaker2_common_price_detached');
		$data['moneymaker2_stickers_mode'] = $this->config->get('moneymaker2_modules_stickers_mode');
		$data['moneymaker2_stickers_size_catalog'] = $this->config->get('moneymaker2_modules_stickers_size_catalog');
		/*mmr*/
		]]></add>
    </operation>
	<operation>
		<search><![CDATA[$data['products'][] = array(]]></search>
		<add position="replace"><![CDATA[
		/*mmr*/
		$moneymaker2_stickers = array();
		if ($special) {
			if ($this->config->get('moneymaker2_modules_stickers_specials_enabled')) {
				$moneymaker2_modules_stickers_specials_caption = $this->config->get('moneymaker2_modules_stickers_specials_caption');
				$moneymaker2_modules_stickers_specials_discount = $this->config->get('moneymaker2_modules_stickers_specials_discount') ? ($this->config->get('moneymaker2_modules_stickers_specials_discount_mode') ? "-".round(100-(($result['special']/$result['price'])*100))."%" : "-".$this->currency->format((($result['special'])-($result['price']))*(-1), $this->session->data['currency'])) : '';
				$moneymaker2_stickers[] = array(
					'type' => 'special',
					'icon' => $this->config->get('moneymaker2_modules_stickers_specials_icon'),
					'caption' => $this->config->get('moneymaker2_modules_stickers_specials_discount') ? "<b>".$moneymaker2_modules_stickers_specials_discount."</b> ".(isset($moneymaker2_modules_stickers_specials_caption[$this->config->get('config_language_id')]) ? $moneymaker2_modules_stickers_specials_caption[$this->config->get('config_language_id')] : null) : (isset($moneymaker2_modules_stickers_specials_caption[$this->config->get('config_language_id')]) ? $moneymaker2_modules_stickers_specials_caption[$this->config->get('config_language_id')] : null),
				);
			}
		}
		if ($result['viewed']) {
			if ($this->config->get('moneymaker2_modules_stickers_popular_enabled')) {
				if ($result['viewed']>=$this->config->get('moneymaker2_modules_stickers_popular_limit')) {
					$moneymaker2_modules_stickers_popular_caption = $this->config->get('moneymaker2_modules_stickers_popular_caption');
					$moneymaker2_stickers[] = array(
						'type' => 'popular',
						'icon' => $this->config->get('moneymaker2_modules_stickers_popular_icon'),
						'caption' => isset($moneymaker2_modules_stickers_popular_caption[$this->config->get('config_language_id')]) ? $moneymaker2_modules_stickers_popular_caption[$this->config->get('config_language_id')] : null,
					);
				}
			}
		}
		if ($result['rating']) {
			if ($this->config->get('moneymaker2_modules_stickers_rated_enabled')) {
				if ($result['rating']>=$this->config->get('moneymaker2_modules_stickers_rated_limit')) {
					$moneymaker2_modules_stickers_rated_caption = $this->config->get('moneymaker2_modules_stickers_rated_caption');
					$moneymaker2_stickers[] = array(
						'type' => 'rated',
						'icon' => $this->config->get('moneymaker2_modules_stickers_rated_icon'),
						'caption' => isset($moneymaker2_modules_stickers_rated_caption[$this->config->get('config_language_id')]) ? $moneymaker2_modules_stickers_rated_caption[$this->config->get('config_language_id')] : null,
					);
				}
			}
		}
		if ($result['date_available']) {
			if ($this->config->get('moneymaker2_modules_stickers_new_enabled')) {
				if ((round((strtotime(date("Y-m-d"))-strtotime($result['date_available']))/86400))<=$this->config->get('moneymaker2_modules_stickers_new_limit')) {
					$moneymaker2_modules_stickers_new_caption = $this->config->get('moneymaker2_modules_stickers_new_caption');
					$moneymaker2_stickers[] = array(
						'type' => 'new',
						'icon' => $this->config->get('moneymaker2_modules_stickers_new_icon'),
						'caption' => isset($moneymaker2_modules_stickers_new_caption[$this->config->get('config_language_id')]) ? $moneymaker2_modules_stickers_new_caption[$this->config->get('config_language_id')] : null,
					);
				}
			}
		}
		$moneymaker2_modules_stickers_customs = $this->config->get('moneymaker2_modules_stickers_customs');
		if (!empty($moneymaker2_modules_stickers_customs)){
			foreach ($moneymaker2_modules_stickers_customs as $key => $value) {
				if (isset($result[$value['field']])&&$result[$value['field']]) {
					$moneymaker2_modules_stickers_custom_caption = $value['caption'];
					$moneymaker2_stickers[] = array(
						'type' => 'custom'.$key,
						'icon' => $value['icon'],
						'caption' => isset($value['caption'][$this->config->get('config_language_id')]) ? $value['caption'][$this->config->get('config_language_id')] : null,
					);
				}
			}
		}
		if ($result['quantity'] <= 0) { $moneymaker2_stock = "<span class='stock'><span>" . $result['stock_status'] . "</span></span>"; } else { $moneymaker2_stock = "<span class='stock instock'><!--" . $this->language->get('text_stock') . "--> <span>" . $this->language->get('text_instock') . "</span></span>"; }
		if ($this->config->get('moneymaker2_catalog_products_code_field')&&isset($result[$this->config->get('moneymaker2_catalog_products_code_field')])&&$result[$this->config->get('moneymaker2_catalog_products_code_field')]&&(!$this->config->get('moneymaker2_catalog_products_list_code_hide')||!$this->config->get('moneymaker2_catalog_products_grid_code_hide'))) {$moneymaker2_code = "<span class='code'>".$this->language->get('text_model')." <span>".$result[$this->config->get('moneymaker2_catalog_products_code_field')]."</span></span>";} else {$moneymaker2_code = '';}
		$moneymaker2_addtocart_tooltip = '';
		if ($data['moneymaker2_common_cart_outofstock_disabled']&&$result['quantity'] <= 0) {
			if (!$data['moneymaker2_common_price_detached']) { $moneymaker2_addtocart_tooltip = "<p class='text-muted'>" . $data['button_cart'] . "</p>"; }
			$moneymaker2_addtocart_tooltip .= "<p>".$moneymaker2_stock."</p>";
		} else if (!$data['moneymaker2_common_price_detached']) {
			$moneymaker2_addtocart_tooltip .= "<p>".$data['button_cart']."</p>";
		}
		if ($price&&$special) { $moneymaker2_addtocart_tooltip .= "<p>".$data['moneymaker2_text_old_price']." ".$price."</p>"; }
		$moneymaker2_addtocart_class = 'btn ';
		if ($data['moneymaker2_common_cart_outofstock_disabled']&&$result['quantity'] <= 0) {
			$moneymaker2_addtocart_class .= 'disabled ';
		}
		if (!$special) {
			$moneymaker2_addtocart_class .= 'btn-primary';
		} else {
			$moneymaker2_addtocart_class .= 'btn-danger';
		}
		if ($data['moneymaker2_modules_quickorder_enabled']) {
			$moneymaker2_quickorder_tooltip = '';
			if ($data['moneymaker2_common_cart_outofstock_disabled']&&$result['quantity'] <= 0) {
				$moneymaker2_quickorder_tooltip .= "<p class='text-muted'>" . $data['moneymaker2_modules_quickorder_button_title'] . "</p>";
				$moneymaker2_quickorder_tooltip .= "<p>" . $moneymaker2_stock . "</p>";
			} else {
				$moneymaker2_quickorder_tooltip .= "<p>" . $data['moneymaker2_modules_quickorder_button_title'] . "</p>";
			}
			$moneymaker2_quickorder_class = 'btn btn-default';
			if ($data['moneymaker2_common_cart_outofstock_disabled']&&$result['quantity'] <= 0) {
				$moneymaker2_quickorder_class .= ' disabled';
			}
		}
		$data['products'][] = array(
			'stickers'              => $moneymaker2_stickers,
			'stock'                 => $this->config->get('moneymaker2_modules_featured_stock') ? $moneymaker2_stock : '',
			'code'                  => $this->config->get('moneymaker2_modules_featured_code') ? $moneymaker2_code : '',
			'sold'                  => $data['moneymaker2_common_cart_outofstock_disabled']&&$result['quantity'] <= 0 ? true : false,
			'quantity'              => $result['quantity'],
			'sort_order'            => $result['sort_order'],
			'review_count'          => $result['reviews'],
			'addtocart_tooltip'     => $moneymaker2_addtocart_tooltip,
			'addtocart_class'       => $moneymaker2_addtocart_class,
			'quickorder_tooltip'    => $data['moneymaker2_modules_quickorder_enabled'] ? $moneymaker2_quickorder_tooltip : '',
			'quickorder_class'      => $data['moneymaker2_modules_quickorder_enabled'] ? $moneymaker2_quickorder_class : '',
		/*mmr*/
		]]></add>
	</operation>
	<operation>
	<search><![CDATA['description' => utf8_substr(strip_tags(html_entity_decode($result['description'], ENT_QUOTES, 'UTF-8')), 0, $this->config->get($this->config->get('config_theme') . '_product_description_length')) . '..',]]></search>
	<add position="replace"><![CDATA['description' => $this->config->get('moneymaker2_modules_featured_description') ? utf8_substr(strip_tags(html_entity_decode($result['description'], ENT_QUOTES, 'UTF-8')), 0, $this->config->get($this->config->get('config_theme') . '_product_description_length')) . '..' : '',]]></add>
	</operation>
</file>
<file path="catalog/controller/extension/module/product_tab.php">
    <operation>
        <search><![CDATA[$this->load->model('catalog/product');]]></search>
		<add position="before"><![CDATA[
		/*mmr*/
		$this->load->language('product/product');
		$this->load->language('extension/module/moneymaker2');
		$data['moneymaker2_text_old_price'] = $this->language->get('text_old_price');
		$data['moneymaker2_modules_quickorder_enabled'] = $this->config->get('moneymaker2_modules_quickorder_enabled');
		if ($data['moneymaker2_modules_quickorder_enabled']) {
			$data['moneymaker2_modules_quickorder_display_catalog'] = $this->config->get('moneymaker2_modules_quickorder_display_catalog');
			$data['moneymaker2_modules_quickorder_button_title'] = $this->config->get('moneymaker2_modules_quickorder_button_title');
			$data['moneymaker2_modules_quickorder_button_title'] = isset($data['moneymaker2_modules_quickorder_button_title'][$this->config->get('config_language_id')]) ? $data['moneymaker2_modules_quickorder_button_title'][$this->config->get('config_language_id')] : null;
		}
		$data['moneymaker2_common_buy_hide'] = $this->config->get('moneymaker2_common_buy_hide');
		$data['moneymaker2_common_wishlist_hide'] = $this->config->get('moneymaker2_common_wishlist_hide');
		$data['moneymaker2_common_wishlist_caption'] = $this->config->get('moneymaker2_common_wishlist_caption');
		$data['moneymaker2_common_compare_hide'] = $this->config->get('moneymaker2_common_compare_hide');
		$data['moneymaker2_common_compare_caption'] = $this->config->get('moneymaker2_common_compare_caption');
		$data['moneymaker2_common_cart_outofstock_disabled'] = $this->config->get('moneymaker2_common_cart_outofstock_disabled');
		$data['moneymaker2_common_price_detached'] = $this->config->get('moneymaker2_common_price_detached');
		$data['moneymaker2_stickers_mode'] = $this->config->get('moneymaker2_modules_stickers_mode');
		$data['moneymaker2_stickers_size_catalog'] = $this->config->get('moneymaker2_modules_stickers_size_catalog');
		/*mmr*/
		]]></add>
    </operation>
	<operation>
		<search><![CDATA[$data['latest_products'][] = array(]]></search>
		<add position="replace"><![CDATA[
		/*mmr*/
		$moneymaker2_stickers = array();
		if ($special) {
			if ($this->config->get('moneymaker2_modules_stickers_specials_enabled')) {
				$moneymaker2_modules_stickers_specials_caption = $this->config->get('moneymaker2_modules_stickers_specials_caption');
				$moneymaker2_modules_stickers_specials_discount = $this->config->get('moneymaker2_modules_stickers_specials_discount') ? ($this->config->get('moneymaker2_modules_stickers_specials_discount_mode') ? "-".round(100-(($result['special']/$result['price'])*100))."%" : "-".$this->currency->format((($result['special'])-($result['price']))*(-1), $this->session->data['currency'])) : '';
				$moneymaker2_stickers[] = array(
					'type' => 'special',
					'icon' => $this->config->get('moneymaker2_modules_stickers_specials_icon'),
					'caption' => $this->config->get('moneymaker2_modules_stickers_specials_discount') ? "<b>".$moneymaker2_modules_stickers_specials_discount."</b> ".(isset($moneymaker2_modules_stickers_specials_caption[$this->config->get('config_language_id')]) ? $moneymaker2_modules_stickers_specials_caption[$this->config->get('config_language_id')] : null) : (isset($moneymaker2_modules_stickers_specials_caption[$this->config->get('config_language_id')]) ? $moneymaker2_modules_stickers_specials_caption[$this->config->get('config_language_id')] : null),
				);
			}
		}
		if ($result['viewed']) {
			if ($this->config->get('moneymaker2_modules_stickers_popular_enabled')) {
				if ($result['viewed']>=$this->config->get('moneymaker2_modules_stickers_popular_limit')) {
					$moneymaker2_modules_stickers_popular_caption = $this->config->get('moneymaker2_modules_stickers_popular_caption');
					$moneymaker2_stickers[] = array(
						'type' => 'popular',
						'icon' => $this->config->get('moneymaker2_modules_stickers_popular_icon'),
						'caption' => isset($moneymaker2_modules_stickers_popular_caption[$this->config->get('config_language_id')]) ? $moneymaker2_modules_stickers_popular_caption[$this->config->get('config_language_id')] : null,
					);
				}
			}
		}
		if ($result['rating']) {
			if ($this->config->get('moneymaker2_modules_stickers_rated_enabled')) {
				if ($result['rating']>=$this->config->get('moneymaker2_modules_stickers_rated_limit')) {
					$moneymaker2_modules_stickers_rated_caption = $this->config->get('moneymaker2_modules_stickers_rated_caption');
					$moneymaker2_stickers[] = array(
						'type' => 'rated',
						'icon' => $this->config->get('moneymaker2_modules_stickers_rated_icon'),
						'caption' => isset($moneymaker2_modules_stickers_rated_caption[$this->config->get('config_language_id')]) ? $moneymaker2_modules_stickers_rated_caption[$this->config->get('config_language_id')] : null,
					);
				}
			}
		}
		if ($result['date_available']) {
			if ($this->config->get('moneymaker2_modules_stickers_new_enabled')) {
				if ((round((strtotime(date("Y-m-d"))-strtotime($result['date_available']))/86400))<=$this->config->get('moneymaker2_modules_stickers_new_limit')) {
					$moneymaker2_modules_stickers_new_caption = $this->config->get('moneymaker2_modules_stickers_new_caption');
					$moneymaker2_stickers[] = array(
						'type' => 'new',
						'icon' => $this->config->get('moneymaker2_modules_stickers_new_icon'),
						'caption' => isset($moneymaker2_modules_stickers_new_caption[$this->config->get('config_language_id')]) ? $moneymaker2_modules_stickers_new_caption[$this->config->get('config_language_id')] : null,
					);
				}
			}
		}
		$moneymaker2_modules_stickers_customs = $this->config->get('moneymaker2_modules_stickers_customs');
		if (!empty($moneymaker2_modules_stickers_customs)){
			foreach ($moneymaker2_modules_stickers_customs as $key => $value) {
				if (isset($result[$value['field']])&&$result[$value['field']]) {
					$moneymaker2_modules_stickers_custom_caption = $value['caption'];
					$moneymaker2_stickers[] = array(
						'type' => 'custom'.$key,
						'icon' => $value['icon'],
						'caption' => isset($value['caption'][$this->config->get('config_language_id')]) ? $value['caption'][$this->config->get('config_language_id')] : null,
					);
				}
			}
		}
		if ($result['quantity'] <= 0) { $moneymaker2_stock = "<span class='stock'><span>" . $result['stock_status'] . "</span></span>"; } else { $moneymaker2_stock = "<span class='stock instock'><!--" . $this->language->get('text_stock') . "--> <span>" . $this->language->get('text_instock') . "</span></span>"; }
		if ($this->config->get('moneymaker2_catalog_products_code_field')&&isset($result[$this->config->get('moneymaker2_catalog_products_code_field')])&&$result[$this->config->get('moneymaker2_catalog_products_code_field')]&&(!$this->config->get('moneymaker2_catalog_products_list_code_hide')||!$this->config->get('moneymaker2_catalog_products_grid_code_hide'))) {$moneymaker2_code = "<span class='code'>".$this->language->get('text_model')." <span>".$result[$this->config->get('moneymaker2_catalog_products_code_field')]."</span></span>";} else {$moneymaker2_code = '';}
		$moneymaker2_addtocart_tooltip = '';
		if ($data['moneymaker2_common_cart_outofstock_disabled']&&$result['quantity'] <= 0) {
			if (!$data['moneymaker2_common_price_detached']) { $moneymaker2_addtocart_tooltip = "<p class='text-muted'>" . $data['button_cart'] . "</p>"; }
			$moneymaker2_addtocart_tooltip .= "<p>".$moneymaker2_stock."</p>";
		} else if (!$data['moneymaker2_common_price_detached']) {
			$moneymaker2_addtocart_tooltip .= "<p>".$data['button_cart']."</p>";
		}
		if ($price&&$special) { $moneymaker2_addtocart_tooltip .= "<p>".$data['moneymaker2_text_old_price']." ".$price."</p>"; }
		$moneymaker2_addtocart_class = 'btn ';
		if ($data['moneymaker2_common_cart_outofstock_disabled']&&$result['quantity'] <= 0) {
			$moneymaker2_addtocart_class .= 'disabled ';
		}
		if (!$special) {
			$moneymaker2_addtocart_class .= 'btn-primary';
		} else {
			$moneymaker2_addtocart_class .= 'btn-danger';
		}
		if ($data['moneymaker2_modules_quickorder_enabled']) {
			$moneymaker2_quickorder_tooltip = '';
			if ($data['moneymaker2_common_cart_outofstock_disabled']&&$result['quantity'] <= 0) {
				$moneymaker2_quickorder_tooltip .= "<p class='text-muted'>" . $data['moneymaker2_modules_quickorder_button_title'] . "</p>";
				$moneymaker2_quickorder_tooltip .= "<p>" . $moneymaker2_stock . "</p>";
			} else {
				$moneymaker2_quickorder_tooltip .= "<p>" . $data['moneymaker2_modules_quickorder_button_title'] . "</p>";
			}
			$moneymaker2_quickorder_class = 'btn btn-default';
			if ($data['moneymaker2_common_cart_outofstock_disabled']&&$result['quantity'] <= 0) {
				$moneymaker2_quickorder_class .= ' disabled';
			}
		}
		$data['latest_products'][] = array(
			'stickers'              => $moneymaker2_stickers,
			'stock'                 => $this->config->get('moneymaker2_modules_featured_stock') ? $moneymaker2_stock : '',
			'code'                  => $this->config->get('moneymaker2_modules_featured_code') ? $moneymaker2_code : '',
			'sold'                  => $data['moneymaker2_common_cart_outofstock_disabled']&&$result['quantity'] <= 0 ? true : false,
			'quantity'              => $result['quantity'],
			'sort_order'            => $result['sort_order'],
			'review_count'          => $result['reviews'],
			'addtocart_tooltip'     => $moneymaker2_addtocart_tooltip,
			'addtocart_class'       => $moneymaker2_addtocart_class,
			'quickorder_tooltip'    => $data['moneymaker2_modules_quickorder_enabled'] ? $moneymaker2_quickorder_tooltip : '',
			'quickorder_class'      => $data['moneymaker2_modules_quickorder_enabled'] ? $moneymaker2_quickorder_class : '',
		/*mmr*/
		]]></add>
	</operation>
	<operation>
		<search><![CDATA[$data['special_products'][] = array(]]></search>
		<add position="replace"><![CDATA[
		/*mmr*/
		$moneymaker2_stickers = array();
		if ($special) {
			if ($this->config->get('moneymaker2_modules_stickers_specials_enabled')) {
				$moneymaker2_modules_stickers_specials_caption = $this->config->get('moneymaker2_modules_stickers_specials_caption');
				$moneymaker2_modules_stickers_specials_discount = $this->config->get('moneymaker2_modules_stickers_specials_discount') ? ($this->config->get('moneymaker2_modules_stickers_specials_discount_mode') ? "-".round(100-(($result['special']/$result['price'])*100))."%" : "-".$this->currency->format((($result['special'])-($result['price']))*(-1), $this->session->data['currency'])) : '';
				$moneymaker2_stickers[] = array(
					'type' => 'special',
					'icon' => $this->config->get('moneymaker2_modules_stickers_specials_icon'),
					'caption' => $this->config->get('moneymaker2_modules_stickers_specials_discount') ? "<b>".$moneymaker2_modules_stickers_specials_discount."</b> ".(isset($moneymaker2_modules_stickers_specials_caption[$this->config->get('config_language_id')]) ? $moneymaker2_modules_stickers_specials_caption[$this->config->get('config_language_id')] : null) : (isset($moneymaker2_modules_stickers_specials_caption[$this->config->get('config_language_id')]) ? $moneymaker2_modules_stickers_specials_caption[$this->config->get('config_language_id')] : null),
				);
			}
		}
		if ($result['viewed']) {
			if ($this->config->get('moneymaker2_modules_stickers_popular_enabled')) {
				if ($result['viewed']>=$this->config->get('moneymaker2_modules_stickers_popular_limit')) {
					$moneymaker2_modules_stickers_popular_caption = $this->config->get('moneymaker2_modules_stickers_popular_caption');
					$moneymaker2_stickers[] = array(
						'type' => 'popular',
						'icon' => $this->config->get('moneymaker2_modules_stickers_popular_icon'),
						'caption' => isset($moneymaker2_modules_stickers_popular_caption[$this->config->get('config_language_id')]) ? $moneymaker2_modules_stickers_popular_caption[$this->config->get('config_language_id')] : null,
					);
				}
			}
		}
		if ($result['rating']) {
			if ($this->config->get('moneymaker2_modules_stickers_rated_enabled')) {
				if ($result['rating']>=$this->config->get('moneymaker2_modules_stickers_rated_limit')) {
					$moneymaker2_modules_stickers_rated_caption = $this->config->get('moneymaker2_modules_stickers_rated_caption');
					$moneymaker2_stickers[] = array(
						'type' => 'rated',
						'icon' => $this->config->get('moneymaker2_modules_stickers_rated_icon'),
						'caption' => isset($moneymaker2_modules_stickers_rated_caption[$this->config->get('config_language_id')]) ? $moneymaker2_modules_stickers_rated_caption[$this->config->get('config_language_id')] : null,
					);
				}
			}
		}
		if ($result['date_available']) {
			if ($this->config->get('moneymaker2_modules_stickers_new_enabled')) {
				if ((round((strtotime(date("Y-m-d"))-strtotime($result['date_available']))/86400))<=$this->config->get('moneymaker2_modules_stickers_new_limit')) {
					$moneymaker2_modules_stickers_new_caption = $this->config->get('moneymaker2_modules_stickers_new_caption');
					$moneymaker2_stickers[] = array(
						'type' => 'new',
						'icon' => $this->config->get('moneymaker2_modules_stickers_new_icon'),
						'caption' => isset($moneymaker2_modules_stickers_new_caption[$this->config->get('config_language_id')]) ? $moneymaker2_modules_stickers_new_caption[$this->config->get('config_language_id')] : null,
					);
				}
			}
		}
		$moneymaker2_modules_stickers_customs = $this->config->get('moneymaker2_modules_stickers_customs');
		if (!empty($moneymaker2_modules_stickers_customs)){
			foreach ($moneymaker2_modules_stickers_customs as $key => $value) {
				if (isset($result[$value['field']])&&$result[$value['field']]) {
					$moneymaker2_modules_stickers_custom_caption = $value['caption'];
					$moneymaker2_stickers[] = array(
						'type' => 'custom'.$key,
						'icon' => $value['icon'],
						'caption' => isset($value['caption'][$this->config->get('config_language_id')]) ? $value['caption'][$this->config->get('config_language_id')] : null,
					);
				}
			}
		}
		if ($result['quantity'] <= 0) { $moneymaker2_stock = "<span class='stock'><span>" . $result['stock_status'] . "</span></span>"; } else { $moneymaker2_stock = "<span class='stock instock'><!--" . $this->language->get('text_stock') . "--> <span>" . $this->language->get('text_instock') . "</span></span>"; }
		if ($this->config->get('moneymaker2_catalog_products_code_field')&&isset($result[$this->config->get('moneymaker2_catalog_products_code_field')])&&$result[$this->config->get('moneymaker2_catalog_products_code_field')]&&(!$this->config->get('moneymaker2_catalog_products_list_code_hide')||!$this->config->get('moneymaker2_catalog_products_grid_code_hide'))) {$moneymaker2_code = "<span class='code'>".$this->language->get('text_model')." <span>".$result[$this->config->get('moneymaker2_catalog_products_code_field')]."</span></span>";} else {$moneymaker2_code = '';}
		$moneymaker2_addtocart_tooltip = '';
		if ($data['moneymaker2_common_cart_outofstock_disabled']&&$result['quantity'] <= 0) {
			if (!$data['moneymaker2_common_price_detached']) { $moneymaker2_addtocart_tooltip = "<p class='text-muted'>" . $data['button_cart'] . "</p>"; }
			$moneymaker2_addtocart_tooltip .= "<p>".$moneymaker2_stock."</p>";
		} else if (!$data['moneymaker2_common_price_detached']) {
			$moneymaker2_addtocart_tooltip .= "<p>".$data['button_cart']."</p>";
		}
		if ($price&&$special) { $moneymaker2_addtocart_tooltip .= "<p>".$data['moneymaker2_text_old_price']." ".$price."</p>"; }
		$moneymaker2_addtocart_class = 'btn ';
		if ($data['moneymaker2_common_cart_outofstock_disabled']&&$result['quantity'] <= 0) {
			$moneymaker2_addtocart_class .= 'disabled ';
		}
		if (!$special) {
			$moneymaker2_addtocart_class .= 'btn-primary';
		} else {
			$moneymaker2_addtocart_class .= 'btn-danger';
		}
		if ($data['moneymaker2_modules_quickorder_enabled']) {
			$moneymaker2_quickorder_tooltip = '';
			if ($data['moneymaker2_common_cart_outofstock_disabled']&&$result['quantity'] <= 0) {
				$moneymaker2_quickorder_tooltip .= "<p class='text-muted'>" . $data['moneymaker2_modules_quickorder_button_title'] . "</p>";
				$moneymaker2_quickorder_tooltip .= "<p>" . $moneymaker2_stock . "</p>";
			} else {
				$moneymaker2_quickorder_tooltip .= "<p>" . $data['moneymaker2_modules_quickorder_button_title'] . "</p>";
			}
			$moneymaker2_quickorder_class = 'btn btn-default';
			if ($data['moneymaker2_common_cart_outofstock_disabled']&&$result['quantity'] <= 0) {
				$moneymaker2_quickorder_class .= ' disabled';
			}
		}
		$data['special_products'][] = array(
			'stickers'              => $moneymaker2_stickers,
			'stock'                 => $this->config->get('moneymaker2_modules_featured_stock') ? $moneymaker2_stock : '',
			'code'                  => $this->config->get('moneymaker2_modules_featured_code') ? $moneymaker2_code : '',
			'sold'                  => $data['moneymaker2_common_cart_outofstock_disabled']&&$result['quantity'] <= 0 ? true : false,
			'quantity'              => $result['quantity'],
			'sort_order'            => $result['sort_order'],
			'review_count'          => $result['reviews'],
			'addtocart_tooltip'     => $moneymaker2_addtocart_tooltip,
			'addtocart_class'       => $moneymaker2_addtocart_class,
			'quickorder_tooltip'    => $data['moneymaker2_modules_quickorder_enabled'] ? $moneymaker2_quickorder_tooltip : '',
			'quickorder_class'      => $data['moneymaker2_modules_quickorder_enabled'] ? $moneymaker2_quickorder_class : '',
		/*mmr*/
		]]></add>
	</operation>
	<operation>
		<search><![CDATA[$data['bestseller_products'][] = array(]]></search>
		<add position="replace"><![CDATA[
		/*mmr*/
		$moneymaker2_stickers = array();
		if ($special) {
			if ($this->config->get('moneymaker2_modules_stickers_specials_enabled')) {
				$moneymaker2_modules_stickers_specials_caption = $this->config->get('moneymaker2_modules_stickers_specials_caption');
				$moneymaker2_modules_stickers_specials_discount = $this->config->get('moneymaker2_modules_stickers_specials_discount') ? ($this->config->get('moneymaker2_modules_stickers_specials_discount_mode') ? "-".round(100-(($result['special']/$result['price'])*100))."%" : "-".$this->currency->format((($result['special'])-($result['price']))*(-1), $this->session->data['currency'])) : '';
				$moneymaker2_stickers[] = array(
					'type' => 'special',
					'icon' => $this->config->get('moneymaker2_modules_stickers_specials_icon'),
					'caption' => $this->config->get('moneymaker2_modules_stickers_specials_discount') ? "<b>".$moneymaker2_modules_stickers_specials_discount."</b> ".(isset($moneymaker2_modules_stickers_specials_caption[$this->config->get('config_language_id')]) ? $moneymaker2_modules_stickers_specials_caption[$this->config->get('config_language_id')] : null) : (isset($moneymaker2_modules_stickers_specials_caption[$this->config->get('config_language_id')]) ? $moneymaker2_modules_stickers_specials_caption[$this->config->get('config_language_id')] : null),
				);
			}
		}
		if ($result['viewed']) {
			if ($this->config->get('moneymaker2_modules_stickers_popular_enabled')) {
				if ($result['viewed']>=$this->config->get('moneymaker2_modules_stickers_popular_limit')) {
					$moneymaker2_modules_stickers_popular_caption = $this->config->get('moneymaker2_modules_stickers_popular_caption');
					$moneymaker2_stickers[] = array(
						'type' => 'popular',
						'icon' => $this->config->get('moneymaker2_modules_stickers_popular_icon'),
						'caption' => isset($moneymaker2_modules_stickers_popular_caption[$this->config->get('config_language_id')]) ? $moneymaker2_modules_stickers_popular_caption[$this->config->get('config_language_id')] : null,
					);
				}
			}
		}
		if ($result['rating']) {
			if ($this->config->get('moneymaker2_modules_stickers_rated_enabled')) {
				if ($result['rating']>=$this->config->get('moneymaker2_modules_stickers_rated_limit')) {
					$moneymaker2_modules_stickers_rated_caption = $this->config->get('moneymaker2_modules_stickers_rated_caption');
					$moneymaker2_stickers[] = array(
						'type' => 'rated',
						'icon' => $this->config->get('moneymaker2_modules_stickers_rated_icon'),
						'caption' => isset($moneymaker2_modules_stickers_rated_caption[$this->config->get('config_language_id')]) ? $moneymaker2_modules_stickers_rated_caption[$this->config->get('config_language_id')] : null,
					);
				}
			}
		}
		if ($result['date_available']) {
			if ($this->config->get('moneymaker2_modules_stickers_new_enabled')) {
				if ((round((strtotime(date("Y-m-d"))-strtotime($result['date_available']))/86400))<=$this->config->get('moneymaker2_modules_stickers_new_limit')) {
					$moneymaker2_modules_stickers_new_caption = $this->config->get('moneymaker2_modules_stickers_new_caption');
					$moneymaker2_stickers[] = array(
						'type' => 'new',
						'icon' => $this->config->get('moneymaker2_modules_stickers_new_icon'),
						'caption' => isset($moneymaker2_modules_stickers_new_caption[$this->config->get('config_language_id')]) ? $moneymaker2_modules_stickers_new_caption[$this->config->get('config_language_id')] : null,
					);
				}
			}
		}
		$moneymaker2_modules_stickers_customs = $this->config->get('moneymaker2_modules_stickers_customs');
		if (!empty($moneymaker2_modules_stickers_customs)){
			foreach ($moneymaker2_modules_stickers_customs as $key => $value) {
				if (isset($result[$value['field']])&&$result[$value['field']]) {
					$moneymaker2_modules_stickers_custom_caption = $value['caption'];
					$moneymaker2_stickers[] = array(
						'type' => 'custom'.$key,
						'icon' => $value['icon'],
						'caption' => isset($value['caption'][$this->config->get('config_language_id')]) ? $value['caption'][$this->config->get('config_language_id')] : null,
					);
				}
			}
		}
		if ($result['quantity'] <= 0) { $moneymaker2_stock = "<span class='stock'><span>" . $result['stock_status'] . "</span></span>"; } else { $moneymaker2_stock = "<span class='stock instock'><!--" . $this->language->get('text_stock') . "--> <span>" . $this->language->get('text_instock') . "</span></span>"; }
		if ($this->config->get('moneymaker2_catalog_products_code_field')&&isset($result[$this->config->get('moneymaker2_catalog_products_code_field')])&&$result[$this->config->get('moneymaker2_catalog_products_code_field')]&&(!$this->config->get('moneymaker2_catalog_products_list_code_hide')||!$this->config->get('moneymaker2_catalog_products_grid_code_hide'))) {$moneymaker2_code = "<span class='code'>".$this->language->get('text_model')." <span>".$result[$this->config->get('moneymaker2_catalog_products_code_field')]."</span></span>";} else {$moneymaker2_code = '';}
		$moneymaker2_addtocart_tooltip = '';
		if ($data['moneymaker2_common_cart_outofstock_disabled']&&$result['quantity'] <= 0) {
			if (!$data['moneymaker2_common_price_detached']) { $moneymaker2_addtocart_tooltip = "<p class='text-muted'>" . $data['button_cart'] . "</p>"; }
			$moneymaker2_addtocart_tooltip .= "<p>".$moneymaker2_stock."</p>";
		} else if (!$data['moneymaker2_common_price_detached']) {
			$moneymaker2_addtocart_tooltip .= "<p>".$data['button_cart']."</p>";
		}
		if ($price&&$special) { $moneymaker2_addtocart_tooltip .= "<p>".$data['moneymaker2_text_old_price']." ".$price."</p>"; }
		$moneymaker2_addtocart_class = 'btn ';
		if ($data['moneymaker2_common_cart_outofstock_disabled']&&$result['quantity'] <= 0) {
			$moneymaker2_addtocart_class .= 'disabled ';
		}
		if (!$special) {
			$moneymaker2_addtocart_class .= 'btn-primary';
		} else {
			$moneymaker2_addtocart_class .= 'btn-danger';
		}
		if ($data['moneymaker2_modules_quickorder_enabled']) {
			$moneymaker2_quickorder_tooltip = '';
			if ($data['moneymaker2_common_cart_outofstock_disabled']&&$result['quantity'] <= 0) {
				$moneymaker2_quickorder_tooltip .= "<p class='text-muted'>" . $data['moneymaker2_modules_quickorder_button_title'] . "</p>";
				$moneymaker2_quickorder_tooltip .= "<p>" . $moneymaker2_stock . "</p>";
			} else {
				$moneymaker2_quickorder_tooltip .= "<p>" . $data['moneymaker2_modules_quickorder_button_title'] . "</p>";
			}
			$moneymaker2_quickorder_class = 'btn btn-default';
			if ($data['moneymaker2_common_cart_outofstock_disabled']&&$result['quantity'] <= 0) {
				$moneymaker2_quickorder_class .= ' disabled';
			}
		}
		$data['bestseller_products'][] = array(
			'stickers'              => $moneymaker2_stickers,
			'stock'                 => $this->config->get('moneymaker2_modules_featured_stock') ? $moneymaker2_stock : '',
			'code'                  => $this->config->get('moneymaker2_modules_featured_code') ? $moneymaker2_code : '',
			'sold'                  => $data['moneymaker2_common_cart_outofstock_disabled']&&$result['quantity'] <= 0 ? true : false,
			'quantity'              => $result['quantity'],
			'sort_order'            => $result['sort_order'],
			'review_count'          => $result['reviews'],
			'addtocart_tooltip'     => $moneymaker2_addtocart_tooltip,
			'addtocart_class'       => $moneymaker2_addtocart_class,
			'quickorder_tooltip'    => $data['moneymaker2_modules_quickorder_enabled'] ? $moneymaker2_quickorder_tooltip : '',
			'quickorder_class'      => $data['moneymaker2_modules_quickorder_enabled'] ? $moneymaker2_quickorder_class : '',
		/*mmr*/
		]]></add>
	</operation>
	<operation>
		<search><![CDATA[$data['featured_products'][] = array(]]></search>
		<add position="replace"><![CDATA[
		/*mmr*/
		$moneymaker2_stickers = array();
		if ($special) {
			if ($this->config->get('moneymaker2_modules_stickers_specials_enabled')) {
				$moneymaker2_modules_stickers_specials_caption = $this->config->get('moneymaker2_modules_stickers_specials_caption');
				$moneymaker2_modules_stickers_specials_discount = $this->config->get('moneymaker2_modules_stickers_specials_discount') ? ($this->config->get('moneymaker2_modules_stickers_specials_discount_mode') ? "-".round(100-(($result['special']/$result['price'])*100))."%" : "-".$this->currency->format((($result['special'])-($result['price']))*(-1), $this->session->data['currency'])) : '';
				$moneymaker2_stickers[] = array(
					'type' => 'special',
					'icon' => $this->config->get('moneymaker2_modules_stickers_specials_icon'),
					'caption' => $this->config->get('moneymaker2_modules_stickers_specials_discount') ? "<b>".$moneymaker2_modules_stickers_specials_discount."</b> ".(isset($moneymaker2_modules_stickers_specials_caption[$this->config->get('config_language_id')]) ? $moneymaker2_modules_stickers_specials_caption[$this->config->get('config_language_id')] : null) : (isset($moneymaker2_modules_stickers_specials_caption[$this->config->get('config_language_id')]) ? $moneymaker2_modules_stickers_specials_caption[$this->config->get('config_language_id')] : null),
				);
			}
		}
		if ($result['viewed']) {
			if ($this->config->get('moneymaker2_modules_stickers_popular_enabled')) {
				if ($result['viewed']>=$this->config->get('moneymaker2_modules_stickers_popular_limit')) {
					$moneymaker2_modules_stickers_popular_caption = $this->config->get('moneymaker2_modules_stickers_popular_caption');
					$moneymaker2_stickers[] = array(
						'type' => 'popular',
						'icon' => $this->config->get('moneymaker2_modules_stickers_popular_icon'),
						'caption' => isset($moneymaker2_modules_stickers_popular_caption[$this->config->get('config_language_id')]) ? $moneymaker2_modules_stickers_popular_caption[$this->config->get('config_language_id')] : null,
					);
				}
			}
		}
		if ($result['rating']) {
			if ($this->config->get('moneymaker2_modules_stickers_rated_enabled')) {
				if ($result['rating']>=$this->config->get('moneymaker2_modules_stickers_rated_limit')) {
					$moneymaker2_modules_stickers_rated_caption = $this->config->get('moneymaker2_modules_stickers_rated_caption');
					$moneymaker2_stickers[] = array(
						'type' => 'rated',
						'icon' => $this->config->get('moneymaker2_modules_stickers_rated_icon'),
						'caption' => isset($moneymaker2_modules_stickers_rated_caption[$this->config->get('config_language_id')]) ? $moneymaker2_modules_stickers_rated_caption[$this->config->get('config_language_id')] : null,
					);
				}
			}
		}
		if ($result['date_available']) {
			if ($this->config->get('moneymaker2_modules_stickers_new_enabled')) {
				if ((round((strtotime(date("Y-m-d"))-strtotime($result['date_available']))/86400))<=$this->config->get('moneymaker2_modules_stickers_new_limit')) {
					$moneymaker2_modules_stickers_new_caption = $this->config->get('moneymaker2_modules_stickers_new_caption');
					$moneymaker2_stickers[] = array(
						'type' => 'new',
						'icon' => $this->config->get('moneymaker2_modules_stickers_new_icon'),
						'caption' => isset($moneymaker2_modules_stickers_new_caption[$this->config->get('config_language_id')]) ? $moneymaker2_modules_stickers_new_caption[$this->config->get('config_language_id')] : null,
					);
				}
			}
		}
		$moneymaker2_modules_stickers_customs = $this->config->get('moneymaker2_modules_stickers_customs');
		if (!empty($moneymaker2_modules_stickers_customs)){
			foreach ($moneymaker2_modules_stickers_customs as $key => $value) {
				if (isset($result[$value['field']])&&$result[$value['field']]) {
					$moneymaker2_modules_stickers_custom_caption = $value['caption'];
					$moneymaker2_stickers[] = array(
						'type' => 'custom'.$key,
						'icon' => $value['icon'],
						'caption' => isset($value['caption'][$this->config->get('config_language_id')]) ? $value['caption'][$this->config->get('config_language_id')] : null,
					);
				}
			}
		}
		if ($result['quantity'] <= 0) { $moneymaker2_stock = "<span class='stock'><span>" . $result['stock_status'] . "</span></span>"; } else { $moneymaker2_stock = "<span class='stock instock'><!--" . $this->language->get('text_stock') . "--> <span>" . $this->language->get('text_instock') . "</span></span>"; }
		if ($this->config->get('moneymaker2_catalog_products_code_field')&&isset($result[$this->config->get('moneymaker2_catalog_products_code_field')])&&$result[$this->config->get('moneymaker2_catalog_products_code_field')]&&(!$this->config->get('moneymaker2_catalog_products_list_code_hide')||!$this->config->get('moneymaker2_catalog_products_grid_code_hide'))) {$moneymaker2_code = "<span class='code'>".$this->language->get('text_model')." <span>".$result[$this->config->get('moneymaker2_catalog_products_code_field')]."</span></span>";} else {$moneymaker2_code = '';}
		$moneymaker2_addtocart_tooltip = '';
		if ($data['moneymaker2_common_cart_outofstock_disabled']&&$result['quantity'] <= 0) {
			if (!$data['moneymaker2_common_price_detached']) { $moneymaker2_addtocart_tooltip = "<p class='text-muted'>" . $data['button_cart'] . "</p>"; }
			$moneymaker2_addtocart_tooltip .= "<p>".$moneymaker2_stock."</p>";
		} else if (!$data['moneymaker2_common_price_detached']) {
			$moneymaker2_addtocart_tooltip .= "<p>".$data['button_cart']."</p>";
		}
		if ($price&&$special) { $moneymaker2_addtocart_tooltip .= "<p>".$data['moneymaker2_text_old_price']." ".$price."</p>"; }
		$moneymaker2_addtocart_class = 'btn ';
		if ($data['moneymaker2_common_cart_outofstock_disabled']&&$result['quantity'] <= 0) {
			$moneymaker2_addtocart_class .= 'disabled ';
		}
		if (!$special) {
			$moneymaker2_addtocart_class .= 'btn-primary';
		} else {
			$moneymaker2_addtocart_class .= 'btn-danger';
		}
		if ($data['moneymaker2_modules_quickorder_enabled']) {
			$moneymaker2_quickorder_tooltip = '';
			if ($data['moneymaker2_common_cart_outofstock_disabled']&&$result['quantity'] <= 0) {
				$moneymaker2_quickorder_tooltip .= "<p class='text-muted'>" . $data['moneymaker2_modules_quickorder_button_title'] . "</p>";
				$moneymaker2_quickorder_tooltip .= "<p>" . $moneymaker2_stock . "</p>";
			} else {
				$moneymaker2_quickorder_tooltip .= "<p>" . $data['moneymaker2_modules_quickorder_button_title'] . "</p>";
			}
			$moneymaker2_quickorder_class = 'btn btn-default';
			if ($data['moneymaker2_common_cart_outofstock_disabled']&&$result['quantity'] <= 0) {
				$moneymaker2_quickorder_class .= ' disabled';
			}
		}
		$data['featured_products'][] = array(
			'stickers'              => $moneymaker2_stickers,
			'stock'                 => $this->config->get('moneymaker2_modules_featured_stock') ? $moneymaker2_stock : '',
			'code'                  => $this->config->get('moneymaker2_modules_featured_code') ? $moneymaker2_code : '',
			'sold'                  => $data['moneymaker2_common_cart_outofstock_disabled']&&$result['quantity'] <= 0 ? true : false,
			'quantity'              => $result['quantity'],
			'sort_order'            => $result['sort_order'],
			'review_count'          => $result['reviews'],
			'addtocart_tooltip'     => $moneymaker2_addtocart_tooltip,
			'addtocart_class'       => $moneymaker2_addtocart_class,
			'quickorder_tooltip'    => $data['moneymaker2_modules_quickorder_enabled'] ? $moneymaker2_quickorder_tooltip : '',
			'quickorder_class'      => $data['moneymaker2_modules_quickorder_enabled'] ? $moneymaker2_quickorder_class : '',
		/*mmr*/
		]]></add>
	</operation>
	<operation>
	<search><![CDATA['description' => utf8_substr(strip_tags(html_entity_decode($result['description'], ENT_QUOTES, 'UTF-8')), 0, $this->config->get($this->config->get('config_theme') . '_product_description_length')) . '..',]]></search>
	<add position="replace"><![CDATA['description' => $this->config->get('moneymaker2_modules_featured_description') ? utf8_substr(strip_tags(html_entity_decode($result['description'], ENT_QUOTES, 'UTF-8')), 0, $this->config->get($this->config->get('config_theme') . '_product_description_length')) . '..' : '',]]></add>
	</operation>
</file>
<file path="catalog/view/theme/moneymaker2/template/product/manufacturer_info.tpl">
	<operation>
		<search><![CDATA[<hr class="catalog-hr">]]></search>
		<add position="before"><![CDATA[
	<?php if ($description) { ?>
	<div class="row catalog-descr">
	<div class="col-sm-12">
	<div>
	<?php echo $description; ?>
	</div>
	</div>
	</div>
	<?php } ?>
]]></add>
	</operation>
</file>
<file path="catalog/view/theme/moneymaker2/template/product/{category,manufacturer_info}*.tpl">
	<operation>
		<search><![CDATA[<?php echo $content_bottom; ?></div>]]></search>
		<add position="replace"><![CDATA[
		<?php echo $content_bottom; ?>
		<?php if ($description_bottom) { ?>
		<div class="row catalog-descr">
		<div class="col-sm-12">
		  <div>
			<?php echo $description_bottom; ?>
		  </div>
		</div>
		</div>
		<?php } ?>
		</div>
]]></add>
	</operation>
</file>
<file path="catalog/view/theme/moneymaker2/template/product/product.tpl">
	<operation>
		<search><![CDATA[<li<?php if (!$description) { ?> class="active"<?php } ?>><a href="#tab-specification" data-toggle="tab"><i class="fa fa-fw fa-area-chart"></i>  <?php echo $tab_attribute; ?></a></li>]]></search>
		<add position="after"><![CDATA[
		<?php } ?>
		<?php foreach($product_tabs as $key => $tab){ ?>
		<li><a href="#tab-<?php echo $product_id ?>-<?php echo $tab['product_tab_id']; ?>" data-toggle="tab"><?php echo $tab['title']; ?></a></li>
]]></add>
	</operation>
	<operation>
		<search index="1"><![CDATA[<?php if ($review_status) { ?>]]></search>
		<add position="before"><![CDATA[
		<?php foreach($product_tabs as $key => $tab){ ?>
		<div class="tab-pane" id="tab-<?php echo $product_id ?>-<?php echo $tab['product_tab_id']; ?>"><?php echo $tab['description']; ?></div>
		<?php } ?>
]]></add>
	</operation>
</file>
<file path="catalog/view/theme/moneymaker2/template/common/header.tpl">
	<operation>
		<search><![CDATA[<?php if ($moneymaker2_header_menu_links_top_enabled&&$moneymaker2_header_links) { ?>]]></search>
		<add position="before"><![CDATA[<?php echo $menu; ?>]]></add>
	</operation>
</file>
<file path="catalog/controller/blog/article.php">
	<operation>
		<search><![CDATA[$data['products'][] = array(]]></search>
		<add position="before"><![CDATA[
		/*mmr*/
		$this->load->language('product/product');
		$this->load->language('extension/module/moneymaker2');
		$data['moneymaker2_text_old_price'] = $this->language->get('text_old_price');
		$data['moneymaker2_modules_quickorder_enabled'] = $this->config->get('moneymaker2_modules_quickorder_enabled');
		if ($data['moneymaker2_modules_quickorder_enabled']) {
			$data['moneymaker2_modules_quickorder_display_catalog'] = $this->config->get('moneymaker2_modules_quickorder_display_catalog');
			$data['moneymaker2_modules_quickorder_button_title'] = $this->config->get('moneymaker2_modules_quickorder_button_title');
			$data['moneymaker2_modules_quickorder_button_title'] = isset($data['moneymaker2_modules_quickorder_button_title'][$this->config->get('config_language_id')]) ? $data['moneymaker2_modules_quickorder_button_title'][$this->config->get('config_language_id')] : null;
		}
		$data['moneymaker2_common_buy_hide'] = $this->config->get('moneymaker2_common_buy_hide');
		$data['moneymaker2_common_wishlist_hide'] = $this->config->get('moneymaker2_common_wishlist_hide');
		$data['moneymaker2_common_wishlist_caption'] = $this->config->get('moneymaker2_common_wishlist_caption');
		$data['moneymaker2_common_compare_hide'] = $this->config->get('moneymaker2_common_compare_hide');
		$data['moneymaker2_common_compare_caption'] = $this->config->get('moneymaker2_common_compare_caption');
		$data['moneymaker2_common_cart_outofstock_disabled'] = $this->config->get('moneymaker2_common_cart_outofstock_disabled');
		$data['moneymaker2_common_price_detached'] = $this->config->get('moneymaker2_common_price_detached');
		$data['moneymaker2_stickers_mode'] = $this->config->get('moneymaker2_modules_stickers_mode');
		$data['moneymaker2_stickers_size_catalog'] = $this->config->get('moneymaker2_modules_stickers_size_catalog');
		$data['moneymaker2_modules_bestseller_carousel'] = $this->config->get('moneymaker2_modules_bestseller_carousel');
		$data['moneymaker2_modules_bestseller_carousel_autoplay'] = $this->config->get('moneymaker2_modules_bestseller_carousel_autoplay');
		if ($data['moneymaker2_modules_bestseller_carousel']) {
			$this->document->addStyle('catalog/view/javascript/jquery/owl-carousel/owl.carousel.css');
			$this->document->addStyle('catalog/view/javascript/jquery/owl-carousel/owl.moneymaker2.css');
			$this->document->addScript('catalog/view/javascript/jquery/owl-carousel/owl.carousel.min.js');
		}
		/*mmr*/
		]]></add>
	</operation>
	<operation>
		<search><![CDATA[$data['products'][] = array(]]></search>
		<add position="replace"><![CDATA[
		/*mmr*/
		$moneymaker2_stickers = array();
		if ($special) {
			if ($this->config->get('moneymaker2_modules_stickers_specials_enabled')) {
				$moneymaker2_modules_stickers_specials_caption = $this->config->get('moneymaker2_modules_stickers_specials_caption');
				$moneymaker2_modules_stickers_specials_discount = ($this->config->get('moneymaker2_modules_stickers_specials_discount')&&$result['price']>0) ? ($this->config->get('moneymaker2_modules_stickers_specials_discount_mode') ? "-".round(100-(($result['special']/$result['price'])*100))."%" : "-".$this->currency->format((($result['special'])-($result['price']))*(-1), $this->session->data['currency'])) : '';
				$moneymaker2_stickers[] = array(
					'type' => 'special',
					'icon' => $this->config->get('moneymaker2_modules_stickers_specials_icon'),
					'caption' => $this->config->get('moneymaker2_modules_stickers_specials_discount') ? "<b>".$moneymaker2_modules_stickers_specials_discount."</b> ".(isset($moneymaker2_modules_stickers_specials_caption[$this->config->get('config_language_id')]) ? $moneymaker2_modules_stickers_specials_caption[$this->config->get('config_language_id')] : null) : (isset($moneymaker2_modules_stickers_specials_caption[$this->config->get('config_language_id')]) ? $moneymaker2_modules_stickers_specials_caption[$this->config->get('config_language_id')] : null),
				);
			}
		}
		if ($result['viewed']) {
			if ($this->config->get('moneymaker2_modules_stickers_popular_enabled')) {
				if ($result['viewed']>=$this->config->get('moneymaker2_modules_stickers_popular_limit')) {
					$moneymaker2_modules_stickers_popular_caption = $this->config->get('moneymaker2_modules_stickers_popular_caption');
					$moneymaker2_stickers[] = array(
						'type' => 'popular',
						'icon' => $this->config->get('moneymaker2_modules_stickers_popular_icon'),
						'caption' => isset($moneymaker2_modules_stickers_popular_caption[$this->config->get('config_language_id')]) ? $moneymaker2_modules_stickers_popular_caption[$this->config->get('config_language_id')] : null,
					);
				}
			}
		}
		if ($result['rating']) {
			if ($this->config->get('moneymaker2_modules_stickers_rated_enabled')) {
				if ($result['rating']>=$this->config->get('moneymaker2_modules_stickers_rated_limit')) {
					$moneymaker2_modules_stickers_rated_caption = $this->config->get('moneymaker2_modules_stickers_rated_caption');
					$moneymaker2_stickers[] = array(
						'type' => 'rated',
						'icon' => $this->config->get('moneymaker2_modules_stickers_rated_icon'),
						'caption' => isset($moneymaker2_modules_stickers_rated_caption[$this->config->get('config_language_id')]) ? $moneymaker2_modules_stickers_rated_caption[$this->config->get('config_language_id')] : null,
					);
				}
			}
		}
		if ($result['date_available']) {
			if ($this->config->get('moneymaker2_modules_stickers_new_enabled')) {
				if ((round((strtotime(date("Y-m-d"))-strtotime($result['date_available']))/86400))<=$this->config->get('moneymaker2_modules_stickers_new_limit')) {
					$moneymaker2_modules_stickers_new_caption = $this->config->get('moneymaker2_modules_stickers_new_caption');
					$moneymaker2_stickers[] = array(
						'type' => 'new',
						'icon' => $this->config->get('moneymaker2_modules_stickers_new_icon'),
						'caption' => isset($moneymaker2_modules_stickers_new_caption[$this->config->get('config_language_id')]) ? $moneymaker2_modules_stickers_new_caption[$this->config->get('config_language_id')] : null,
					);
				}
			}
		}
		$moneymaker2_modules_stickers_customs = $this->config->get('moneymaker2_modules_stickers_customs');
		if (!empty($moneymaker2_modules_stickers_customs)){
			foreach ($moneymaker2_modules_stickers_customs as $key => $value) {
				if (isset($result[$value['field']])&&$result[$value['field']]) {
					$moneymaker2_modules_stickers_custom_caption = $value['caption'];
					$moneymaker2_stickers[] = array(
						'type' => 'custom'.$key,
						'icon' => $value['icon'],
						'caption' => isset($value['caption'][$this->config->get('config_language_id')]) ? $value['caption'][$this->config->get('config_language_id')] : null,
					);
				}
			}
		}
		if ($result['quantity'] <= 0) { $moneymaker2_stock = "<span class='stock'><span>" . $result['stock_status'] . "</span></span>"; } else { $moneymaker2_stock = "<span class='stock instock'><!--" . $this->language->get('text_stock') . "--> <span>" . $this->language->get('text_instock') . "</span></span>"; }
		if ($this->config->get('moneymaker2_catalog_products_code_field')&&isset($result[$this->config->get('moneymaker2_catalog_products_code_field')])&&$result[$this->config->get('moneymaker2_catalog_products_code_field')]&&$this->config->get('moneymaker2_modules_bestseller_code')) {$moneymaker2_code = "<span class='code'>".$this->language->get('text_model')." <span>".$result[$this->config->get('moneymaker2_catalog_products_code_field')]."</span></span>";} else {$moneymaker2_code = '';}
		$moneymaker2_addtocart_tooltip = '';
		if ($data['moneymaker2_common_cart_outofstock_disabled']&&$result['quantity'] <= 0) {
			if (!$data['moneymaker2_common_price_detached']) { $moneymaker2_addtocart_tooltip = "<p class='text-muted'>" . $data['button_cart'] . "</p>"; }
			$moneymaker2_addtocart_tooltip .= "<p>".$moneymaker2_stock."</p>";
		} else if (!$data['moneymaker2_common_price_detached']) {
			$moneymaker2_addtocart_tooltip .= "<p>".$data['button_cart']."</p>";
		}
		if ($price&&$special) { $moneymaker2_addtocart_tooltip .= "<p>".$data['moneymaker2_text_old_price']." ".$price."</p>"; }
		$moneymaker2_addtocart_class = 'btn ';
		if ($data['moneymaker2_common_cart_outofstock_disabled']&&$result['quantity'] <= 0) {
			$moneymaker2_addtocart_class .= 'disabled ';
		}
		if (!$special) {
			$moneymaker2_addtocart_class .= 'btn-primary';
		} else {
			$moneymaker2_addtocart_class .= 'btn-danger';
		}
		if ($data['moneymaker2_modules_quickorder_enabled']) {
			$moneymaker2_quickorder_tooltip = '';
			if ($data['moneymaker2_common_cart_outofstock_disabled']&&$result['quantity'] <= 0) {
				$moneymaker2_quickorder_tooltip .= "<p class='text-muted'>" . $data['moneymaker2_modules_quickorder_button_title'] . "</p>";
				$moneymaker2_quickorder_tooltip .= "<p>" . $moneymaker2_stock . "</p>";
			} else {
				$moneymaker2_quickorder_tooltip .= "<p>" . $data['moneymaker2_modules_quickorder_button_title'] . "</p>";
			}
			$moneymaker2_quickorder_class = 'btn btn-default';
			if ($data['moneymaker2_common_cart_outofstock_disabled']&&$result['quantity'] <= 0) {
				$moneymaker2_quickorder_class .= ' disabled';
			}
		}
		$data['products'][] = array(
			'stickers'              => $moneymaker2_stickers,
			'stock'                 => $this->config->get('moneymaker2_modules_bestseller_stock') ? $moneymaker2_stock : '',
			'code'                  => $this->config->get('moneymaker2_modules_bestseller_code') ? $moneymaker2_code : '',
			'sold'                  => $data['moneymaker2_common_cart_outofstock_disabled']&&$result['quantity'] <= 0 ? true : false,
			'quantity'              => $result['quantity'],
			'sort_order'            => $result['sort_order'],
			'review_count'          => $result['reviews'],
			'addtocart_tooltip'     => $moneymaker2_addtocart_tooltip,
			'addtocart_class'       => $moneymaker2_addtocart_class,
			'quickorder_tooltip'    => $data['moneymaker2_modules_quickorder_enabled'] ? $moneymaker2_quickorder_tooltip : '',
			'quickorder_class'      => $data['moneymaker2_modules_quickorder_enabled'] ? $moneymaker2_quickorder_class : '',
		/*mmr*/
		]]></add>
	</operation>
</file>
<file path="catalog/controller/blog/category.php">
	<operation>
		<search><![CDATA[$data['button_grid'] = $this->language->get('button_grid');]]></search>
		<add position="after"><![CDATA[
		/*mmr*/
		$data['moneymaker2_catalog_default_view'] = $this->config->get('moneymaker2_catalog_layout_default');
		$data['moneymaker2_catalog_layout_switcher_hide'] = $this->config->get('moneymaker2_catalog_layout_switcher_hide');
		/*mmr*/
		]]></add>
	</operation>
</file>
<file path="catalog/controller/blog/latest.php">
	<operation>
		<search><![CDATA[$data['text_grid'] = $this->language->get('text_grid');]]></search>
		<add position="after"><![CDATA[
		/*mmr*/
		$data['moneymaker2_catalog_default_view'] = $this->config->get('moneymaker2_catalog_layout_default');
		$data['moneymaker2_catalog_layout_switcher_hide'] = $this->config->get('moneymaker2_catalog_layout_switcher_hide');
		/*mmr*/
		]]></add>
	</operation>
</file>
</modification>