<?xml version="1.0" encoding="utf-8"?>
<modification>
	<name>Moneymaker2 Image Size Optimization</name>
	<version>2.7.3</version>
	<author>RGB</author>
	<code>moneymaker2imgsize</code>
	<link>https://2.mnmkr.com</link>
	<file path="catalog/controller/product/product.php">
	<operation>
		<search><![CDATA[$data['rating'] = (int)$product_info['rating'];]]></search>
		<add position="before"><![CDATA[
		/*mmr img size*/
		$data['moneymaker2_image_thumb_width'] = $this->config->get('moneymaker2_image_thumb_width');
		$data['moneymaker2_image_thumb_height'] = $this->config->get('moneymaker2_image_thumb_height');

		$data['moneymaker2_image_additional_width'] = $this->config->get('moneymaker2_image_additional_width');
		$data['moneymaker2_image_additional_height'] = $this->config->get('moneymaker2_image_additional_height');

		$data['moneymaker2_product_points_manufacturer_image_width'] = $this->config->get('moneymaker2_product_points_manufacturer_image_width');
		$data['moneymaker2_product_points_manufacturer_image_height'] = $this->config->get('moneymaker2_product_points_manufacturer_image_height');

		$data['moneymaker2_image_related_width'] = $this->config->get('moneymaker2_image_related_width');
		$data['moneymaker2_image_related_height'] = $this->config->get('moneymaker2_image_related_height');
		/*mmr img size*/
		]]></add>
	</operation>
	</file>
	<file path="catalog/view/theme/moneymaker2/template/product/product.tpl">
	<operation>
		<search><![CDATA[<img src="<?php echo $thumb; ?>"]]></search>
		<add position="replace"><![CDATA[<img src="<?php echo $thumb; ?>" width="<?php echo $moneymaker2_image_thumb_width; ?>" height="<?php echo $moneymaker2_image_thumb_height; ?>"]]></add>
	</operation>
	<operation>
		<search><![CDATA[<img class="img-circle" src="<?php echo $image['thumb']; ?>"]]></search>
		<add position="replace"><![CDATA[<img class="img-circle" src="<?php echo $image['thumb']; ?>" width="<?php echo $moneymaker2_image_additional_width; ?>" height="<?php echo $moneymaker2_image_additional_height; ?>"]]></add>
	</operation>
	<operation>
		<search><![CDATA[<img class="img-circle text-center pull-left" src="<?php echo $moneymaker2_manufacturer_image; ?>"]]></search>
		<add position="replace"><![CDATA[<img class="img-circle text-center pull-left" src="<?php echo $moneymaker2_manufacturer_image; ?>" width="<?php echo $moneymaker2_product_points_manufacturer_image_width; ?>" height="<?php echo $moneymaker2_product_points_manufacturer_image_height; ?>"]]></add>
	</operation>
	<operation>
		<search><![CDATA[<img src="<?php echo $product['thumb']; ?>"]]></search>
		<add position="replace"><![CDATA[<img src="<?php echo $product['thumb']; ?>" width="<?php echo $moneymaker2_image_related_width; ?>" height="<?php echo $moneymaker2_image_related_height; ?>"]]></add>
	</operation>
	</file>

	<file path="catalog/controller/extension/module/bestseller.php">
	<operation>
		<search><![CDATA[$this->load->model('catalog/product');]]></search>
		<add position="before"><![CDATA[
		/*mmr img size*/
		$data['moneymaker2_module_bestseller_image_width'] = $setting['width'];
		$data['moneymaker2_module_bestseller_image_height'] = $setting['height'];
		/*mmr img size*/
		]]></add>
	</operation>
	</file>
	<file path="catalog/view/theme/moneymaker2/template/extension/module/bestseller.tpl">
	<operation>
		<search><![CDATA[<img src="<?php echo $product['thumb']; ?>"]]></search>
		<add position="replace"><![CDATA[<img src="<?php echo $product['thumb']; ?>" width="<?php echo $moneymaker2_module_bestseller_image_width; ?>" height="<?php echo $moneymaker2_module_bestseller_image_height; ?>"]]></add>
	</operation>
	</file>

	<file path="catalog/controller/extension/module/featured.php">
	<operation>
		<search><![CDATA[$this->load->model('catalog/product');]]></search>
		<add position="before"><![CDATA[
		/*mmr img size*/
		$data['moneymaker2_module_featured_image_width'] = $setting['width'];
		$data['moneymaker2_module_featured_image_height'] = $setting['height'];
		/*mmr img size*/
		]]></add>
	</operation>
	</file>
	<file path="catalog/view/theme/moneymaker2/template/extension/module/featured.tpl">
	<operation>
		<search><![CDATA[<img src="<?php echo $product['thumb']; ?>"]]></search>
		<add position="replace"><![CDATA[<img src="<?php echo $product['thumb']; ?>" width="<?php echo $moneymaker2_module_featured_image_width; ?>" height="<?php echo $moneymaker2_module_featured_image_height; ?>"]]></add>
	</operation>
	</file>

	<file path="catalog/controller/extension/module/latest.php">
	<operation>
		<search><![CDATA[$this->load->model('catalog/product');]]></search>
		<add position="before"><![CDATA[
		/*mmr img size*/
		$data['moneymaker2_module_latest_image_width'] = $setting['width'];
		$data['moneymaker2_module_latest_image_height'] = $setting['height'];
		/*mmr img size*/
		]]></add>
	</operation>
	</file>
	<file path="catalog/view/theme/moneymaker2/template/extension/module/latest.tpl">
	<operation>
		<search><![CDATA[<img src="<?php echo $product['thumb']; ?>"]]></search>
		<add position="replace"><![CDATA[<img src="<?php echo $product['thumb']; ?>" width="<?php echo $moneymaker2_module_latest_image_width; ?>" height="<?php echo $moneymaker2_module_latest_image_height; ?>"]]></add>
	</operation>
	</file>

	<file path="catalog/controller/extension/module/special.php">
	<operation>
		<search><![CDATA[$this->load->model('catalog/product');]]></search>
		<add position="before"><![CDATA[
		/*mmr img size*/
		$data['moneymaker2_module_special_image_width'] = $setting['width'];
		$data['moneymaker2_module_special_image_height'] = $setting['height'];
		/*mmr img size*/
		]]></add>
	</operation>
	</file>
	<file path="catalog/view/theme/moneymaker2/template/extension/module/special.tpl">
	<operation>
		<search><![CDATA[<img src="<?php echo $product['thumb']; ?>"]]></search>
		<add position="replace"><![CDATA[<img src="<?php echo $product['thumb']; ?>" width="<?php echo $moneymaker2_module_special_image_width; ?>" height="<?php echo $moneymaker2_module_special_image_height; ?>"]]></add>
	</operation>
	</file>

	<file path="catalog/controller/product/category.php">
	<operation>
		<search><![CDATA[$data['button_grid'] = $this->language->get('button_grid');]]></search>
		<add position="before"><![CDATA[
		/*mmr img size*/
		$data['moneymaker2_image_category_width'] = $this->config->get('moneymaker2_image_category_width');
		$data['moneymaker2_image_category_height'] = $this->config->get('moneymaker2_image_category_height');
		$data['moneymaker2_catalog_categories_child_images_width'] = $this->config->get('moneymaker2_catalog_categories_child_images_width');
		$data['moneymaker2_catalog_categories_child_images_height'] = $this->config->get('moneymaker2_catalog_categories_child_images_height');
		$data['moneymaker2_image_product_width'] = $this->config->get('moneymaker2_image_product_width');
		$data['moneymaker2_image_product_height'] = $this->config->get('moneymaker2_image_product_height');
		/*mmr img size*/
		]]></add>
	</operation>
	</file>
	<file path="catalog/view/theme/moneymaker2/template/product/category.tpl">
	<operation>
		<search><![CDATA[<img src="<?php echo $thumb; ?>"]]></search>
		<add position="replace"><![CDATA[<img src="<?php echo $thumb; ?>" width="<?php echo $moneymaker2_image_category_width; ?>" height="<?php echo $moneymaker2_image_category_height; ?>"]]></add>
	</operation>
	<operation>
		<search><![CDATA[<img src="<?php echo $category['thumb']; ?>"]]></search>
		<add position="replace"><![CDATA[<img src="<?php echo $category['thumb']; ?>" width="<?php echo $moneymaker2_catalog_categories_child_images_width; ?>" height="<?php echo $moneymaker2_catalog_categories_child_images_height; ?>"]]></add>
	</operation>
	<operation>
		<search><![CDATA[<img src="<?php echo $product['thumb']; ?>"]]></search>
		<add position="replace"><![CDATA[<img src="<?php echo $product['thumb']; ?>" width="<?php echo $moneymaker2_image_product_width; ?>" height="<?php echo $moneymaker2_image_product_height; ?>"]]></add>
	</operation>
	<operation>
		<search><![CDATA[<img src="<?php echo $moneymaker2_modules_promo['image']; ?>"]]></search>
		<add position="replace"><![CDATA[<img src="<?php echo $moneymaker2_modules_promo['image']; ?>" width="<?php echo $moneymaker2_image_product_width; ?>" height="<?php echo $moneymaker2_image_product_height; ?>"]]></add>
	</operation>
	</file>

	<file path="catalog/controller/product/manufacturer.php">
	<operation>
		<search><![CDATA[$data['button_grid'] = $this->language->get('button_grid');]]></search>
		<add position="before"><![CDATA[
		/*mmr img size*/
		$data['moneymaker2_manufacturer_image_width'] = $this->config->get('moneymaker2_product_points_manufacturer_image_width');
		$data['moneymaker2_manufacturer_image_height'] = $this->config->get('moneymaker2_product_points_manufacturer_image_height');
		$data['moneymaker2_image_product_width'] = $this->config->get('moneymaker2_image_product_width');
		$data['moneymaker2_image_product_height'] = $this->config->get('moneymaker2_image_product_height');
		/*mmr img size*/
		]]></add>
	</operation>
	</file>
	<file path="catalog/view/theme/moneymaker2/template/product/manufacturer_info.tpl">
	<operation>
		<search><![CDATA[<img src="<?php echo $manufacturer_image; ?>"]]></search>
		<add position="replace"><![CDATA[<img src="<?php echo $manufacturer_image; ?>" width="<?php echo $moneymaker2_manufacturer_image_width; ?>" height="<?php echo $moneymaker2_manufacturer_image_height; ?>"]]></add>
	</operation>
	<operation>
		<search><![CDATA[<img src="<?php echo $product['thumb']; ?>"]]></search>
		<add position="replace"><![CDATA[<img src="<?php echo $product['thumb']; ?>" width="<?php echo $moneymaker2_image_product_width; ?>" height="<?php echo $moneymaker2_image_product_height; ?>"]]></add>
	</operation>
	</file>

	<file path="catalog/controller/product/search.php">
	<operation>
		<search><![CDATA[$data['button_grid'] = $this->language->get('button_grid');]]></search>
		<add position="before"><![CDATA[
		/*mmr img size*/
		$data['moneymaker2_image_product_width'] = $this->config->get('moneymaker2_image_product_width');
		$data['moneymaker2_image_product_height'] = $this->config->get('moneymaker2_image_product_height');
		/*mmr img size*/
		]]></add>
	</operation>
	</file>
	<file path="catalog/view/theme/moneymaker2/template/product/search.tpl">
	<operation>
		<search><![CDATA[<img src="<?php echo $product['thumb']; ?>"]]></search>
		<add position="replace"><![CDATA[<img src="<?php echo $product['thumb']; ?>" width="<?php echo $moneymaker2_image_product_width; ?>" height="<?php echo $moneymaker2_image_product_height; ?>"]]></add>
	</operation>
	</file>

	<file path="catalog/controller/product/special.php">
	<operation>
		<search><![CDATA[$data['button_grid'] = $this->language->get('button_grid');]]></search>
		<add position="before"><![CDATA[
		/*mmr img size*/
		$data['moneymaker2_image_product_width'] = $this->config->get('moneymaker2_image_product_width');
		$data['moneymaker2_image_product_height'] = $this->config->get('moneymaker2_image_product_height');
		/*mmr img size*/
		]]></add>
	</operation>
	</file>
	<file path="catalog/view/theme/moneymaker2/template/product/special.tpl">
	<operation>
		<search><![CDATA[<img src="<?php echo $product['thumb']; ?>"]]></search>
		<add position="replace"><![CDATA[<img src="<?php echo $product['thumb']; ?>" width="<?php echo $moneymaker2_image_product_width; ?>" height="<?php echo $moneymaker2_image_product_height; ?>"]]></add>
	</operation>
	</file>
	
</modification>