﻿<?xml version="1.0" encoding="UTF-8"?>
<modification>
  <code>price_option</code>
  <name>Обновление цены для опций OC2 (без AJAX)</name>
  <version>2.1.0</version>
  <author>2016</author>
  
  <file path="catalog/view/theme/*/template/product/product.tpl">
    <operation>
      <search><![CDATA[value="<?php echo $option_value['product_option_value_id']; ?>"]]></search>
      <add position="replace"><![CDATA[value="<?php echo $option_value['product_option_value_id']; ?>" data-points="<?php echo (isset($option_value['points_value']) ? $option_value['points_value'] : 0); ?>" data-prefix="<?php echo $option_value['price_prefix']; ?>" data-price="<?php echo $option_value['price_value']; ?>"]]></add>
    </operation>
    <operation>
      <search><![CDATA[(<?php echo $option_value['price_prefix']; ?><?php echo $option_value['price']; ?>)]]></search>
      <add position="replace"><![CDATA[
          <?php
          if ($option_value['price_prefix'] == '*') {
            if ($option_value['price_value'] != 1.0)
              printf("(%+d%%)", round(($option_value['price_value'] * 100) - 100) );
          } else {
            echo "(".$option_value['price_prefix'].$option_value['price'].")"; 
          }
          ?>
      ]]></add>
    </operation>
    <operation>
      <search><![CDATA[<?php echo $footer; ?>]]></search>
      <add position="before"><![CDATA[
<script type="text/javascript"><!--
function price_format(n)
{ 
    c = <?php echo (empty($currency['decimals']) ? "0" : $currency['decimals'] ); ?>;
    d = '<?php echo $currency['decimal_point']; ?>'; // decimal separator
    t = '<?php echo $currency['thousand_point']; ?>'; // thousands separator
    s_left = '<?php echo $currency['symbol_left']; ?>';
    s_right = '<?php echo $currency['symbol_right']; ?>';
      
    n = n * <?php echo $currency['value']; ?>;

    //sign = (n < 0) ? '-' : '';

    //extracting the absolute value of the integer part of the number and converting to string
    i = parseInt(n = Math.abs(n).toFixed(c)) + ''; 

    j = ((j = i.length) > 3) ? j % 3 : 0; 
    return s_left + (j ? i.substr(0, j) + t : '') + i.substr(j).replace(/(\d{3})(?=\d)/g, "$1" + t) + (c ? d + Math.abs(n - i).toFixed(c).slice(2) : '') + s_right; 
}

function calculate_tax(price)
{
    <?php // Process Tax Rates
      if (isset($tax_rates) && $tax) {
         foreach ($tax_rates as $tax_rate) {
           if ($tax_rate['type'] == 'F') {
             echo 'price += '.$tax_rate['rate'].';';
           } elseif ($tax_rate['type'] == 'P') {
             echo 'price += (price * '.$tax_rate['rate'].') / 100.0;';
           }
         }
      }
    ?>
    return price;
}

function process_discounts(price, quantity)
{
    <?php
      foreach ($dicounts_unf as $discount) {
        echo 'if ((quantity >= '.$discount['quantity'].') && ('.$discount['price'].' < price)) price = '.$discount['price'].';'."\n";
      }
    ?>
    return price;
}


animate_delay = 20;

main_price_final = calculate_tax(<?php echo $price_value; ?>);
main_price_start = calculate_tax(<?php echo $price_value; ?>);
main_step = 0;
main_timeout_id = 0;

function animateMainPrice_callback() {
    main_price_start += main_step;
    
    if ((main_step > 0) && (main_price_start > main_price_final)){
        main_price_start = main_price_final;
    } else if ((main_step < 0) && (main_price_start < main_price_final)) {
        main_price_start = main_price_final;
    } else if (main_step == 0) {
        main_price_start = main_price_final;
    }
    
    $('.autocalc-product-price').html( price_format(main_price_start) );
    
    if (main_price_start != main_price_final) {
        main_timeout_id = setTimeout(animateMainPrice_callback, animate_delay);
    }
}

function animateMainPrice(price) {
    main_price_start = main_price_final;
    main_price_final = price;
    main_step = (main_price_final - main_price_start) / 10;
    
    clearTimeout(main_timeout_id);
    main_timeout_id = setTimeout(animateMainPrice_callback, animate_delay);
}


<?php if ($special) { ?>
special_price_final = calculate_tax(<?php echo $special_value; ?>);
special_price_start = calculate_tax(<?php echo $special_value; ?>);
special_step = 0;
special_timeout_id = 0;

function animateSpecialPrice_callback() {
    special_price_start += special_step;
    
    if ((special_step > 0) && (special_price_start > special_price_final)){
        special_price_start = special_price_final;
    } else if ((special_step < 0) && (special_price_start < special_price_final)) {
        special_price_start = special_price_final;
    } else if (special_step == 0) {
        special_price_start = special_price_final;
    }
    
    $('.autocalc-product-special').html( price_format(special_price_start) );
    
    if (special_price_start != special_price_final) {
        special_timeout_id = setTimeout(animateSpecialPrice_callback, animate_delay);
    }
}

function animateSpecialPrice(price) {
    special_price_start = special_price_final;
    special_price_final = price;
    special_step = (special_price_final - special_price_start) / 10;
    
    clearTimeout(special_timeout_id);
    special_timeout_id = setTimeout(animateSpecialPrice_callback, animate_delay);
}
<?php } ?>


function recalculateprice()
{
    var main_price = <?php echo (float)$price_value; ?>;
    var input_quantity = Number($('input[name="quantity"]').val());
    var special = <?php echo (float)$special_value; ?>;
    var tax = 0;
    
    if (isNaN(input_quantity)) input_quantity = 0;
    
    <?php if ($special) { ?>
        special_coefficient = <?php echo ((float)$price_value/(float)$special_value); ?>;
    <?php } ?>
    main_price = process_discounts(main_price, input_quantity);
    tax = process_discounts(tax, input_quantity);
    
    
    var option_price = 0;
    
    <?php if ($points) { ?>
      var points = <?php echo (float)$points_value; ?>;
      $('input:checked,option:selected').each(function() {
          if ($(this).data('points')) points += Number($(this).data('points'));
      });
      $('.autocalc-product-points').html(points);
    <?php } ?>
    
    $('input:checked,option:selected').each(function() {
      if ($(this).data('prefix') == '=') {
        option_price += Number($(this).data('price'));
        main_price = 0;
        special = 0;
      }
    });
    
    $('input:checked,option:selected').each(function() {
      if ($(this).data('prefix') == '+') {
        option_price += Number($(this).data('price'));
      }
      if ($(this).data('prefix') == '-') {
        option_price -= Number($(this).data('price'));
      }
      if ($(this).data('prefix') == 'u') {
        pcnt = 1.0 + (Number($(this).data('price')) / 100.0);
        option_price *= pcnt;
        main_price *= pcnt;
        special *= pcnt;
      }
      if ($(this).data('prefix') == 'd') {
        pcnt = 1.0 - (Number($(this).data('price')) / 100.0);
        option_price *= pcnt;
        main_price *= pcnt;
        special *= pcnt;
      }
      if ($(this).data('prefix') == '*') {
        option_price *= Number($(this).data('price'));
        main_price *= Number($(this).data('price'));
        special *= Number($(this).data('price'));
      }
    });
    
    special += option_price;
    main_price += option_price;

    <?php if ($special) { ?>
      main_price = special * special_coefficient;
      tax = special;
    <?php } else { ?>
      tax = main_price;
    <?php } ?>
    
    // Process TAX.
    main_price = calculate_tax(main_price);
    special = calculate_tax(special);
    
    // Раскомментировать, если нужен вывод цены с умножением на количество
    main_price *= input_quantity;
    special *= input_quantity;
    tax *= input_quantity;

    // Display Main Price
    animateMainPrice(main_price);
      
    <?php if ($special) { ?>
      animateSpecialPrice(special);
    <?php } ?>
}

$(document).ready(function() {
    $('input[type="checkbox"]').bind('change', function() { recalculateprice(); });
    $('input[type="radio"]').bind('change', function() { recalculateprice(); });
    $('select').bind('change', function() { recalculateprice(); });
    
    $quantity = $('input[name="quantity"]');
    $quantity.data('val', $quantity.val());
    (function() {
        if ($quantity.val() != $quantity.data('val')){
            $quantity.data('val',$quantity.val());
            recalculateprice();
        }
        setTimeout(arguments.callee, 250);
    })();    
    
    recalculateprice();
});

//--></script>
      ]]></add>
    </operation>
  </file>

  <file path="catalog/model/catalog/product.php">
    <operation>
      <search><![CDATA['weight'                  => $product_option_value['weight'],]]></search>
      <add position="before"><![CDATA[
          'points'        => $product_option_value['points'],
          'points_prefix' => $product_option_value['points_prefix'],
      ]]></add>
    </operation>
  </file>
  
  <file path="catalog/controller/product/product.php">
    <operation>
      <search><![CDATA[$data['options'] = array();]]></search>
      <add position="before"><![CDATA[
          if ($data['price']) {
              $data['price'] = '<span class=\'autocalc-product-price\'>' . $data['price'] . '</span>';
          }
          if ($data['special']) {
              $data['special'] = '<span class=\'autocalc-product-special\'>' . $data['special'] . '</span>';
          }
          if ($data['points']) {
              $data['points'] = '<span class=\'autocalc-product-points\'>' . $data['points'] . '</span>';
          }
          
          $data['price_value'] = $product_info['price'];
          $data['special_value'] = $product_info['special'];
          $data['tax_value'] = (float)$product_info['special'] ? $product_info['special'] : $product_info['price'];
          $data['points_value'] = $product_info['points'];
          
          $var_currency = array();
          $currency_code = $this->config->get('config_currency');
          $var_currency['value'] = $this->currency->getValue($currency_code);
          $var_currency['symbol_left'] = $this->currency->getSymbolLeft($currency_code);
          $var_currency['symbol_right'] = $this->currency->getSymbolRight($currency_code);
          $var_currency['decimals'] = $this->currency->getDecimalPlace($currency_code);
          $var_currency['decimal_point'] = $this->language->get('decimal_point');
          $var_currency['thousand_point'] = $this->language->get('thousand_point');
          $data['currency'] = $var_currency;
          
          $data['dicounts_unf'] = $discounts;

          $data['tax_class_id'] = $product_info['tax_class_id'];
          $data['tax_rates'] = $this->tax->getRates(0, $product_info['tax_class_id']);
      ]]></add>
    </operation>
    <operation>
      <search><![CDATA[$product_option_value_data[] = array(]]></search>
      <add position="after"><![CDATA[
          'price_value'                   => $option_value['price'],
          'points_value'                  => intval($option_value['points_prefix'].$option_value['points']),
      ]]></add>
    </operation>
  </file>


</modification>
