<?xml version="1.0" encoding="utf-8"?>
<modification>
		<name>Moneymaker2 Mods 2-1 (manufacturer, category, search, special)</name>
		<version>2.7.3</version>
		<author>RGB</author>
		<code>moneymaker2part21</code>
		<link>https://2.mnmkr.com</link>
		<file path="catalog/controller/blog/category.php">
		<operation>
				<search><![CDATA[$data['button_grid'] = $this->language->get('button_grid');]]></search>
				<add position="after"><![CDATA[
				/*mmr*/
				$this->load->model('catalog/information');
				$this->load->language('product/product');
				$this->load->language('module/moneymaker2');
				$data['moneymaker2_currency'] = $this->currency->getCode();
				$data['moneymaker2_text_old_price'] = $this->language->get('text_old_price');
				$data['moneymaker2_modules_quickorder_enabled'] = $this->config->get('moneymaker2_modules_quickorder_enabled');
				if ($data['moneymaker2_modules_quickorder_enabled']) {
						$data['moneymaker2_modules_quickorder_display_catalog'] = $this->config->get('moneymaker2_modules_quickorder_display_catalog');
						$data['moneymaker2_modules_quickorder_button_title'] = $this->config->get('moneymaker2_modules_quickorder_button_title');
						$data['moneymaker2_modules_quickorder_button_title'] = isset($data['moneymaker2_modules_quickorder_button_title'][$this->config->get('config_language_id')]) ? $data['moneymaker2_modules_quickorder_button_title'][$this->config->get('config_language_id')] : null;
				}

				$data['moneymaker2_catalog_categories_images_hide'] = $this->config->get('moneymaker2_catalog_categories_images_hide');
				$data['moneymaker2_catalog_categories_move_description'] = $this->config->get('moneymaker2_catalog_categories_move_description');
				$data['moneymaker2_common_categories_icons_enabled'] = $this->config->get('moneymaker2_common_categories_icons_enabled');
				$data['moneymaker2_common_categories_icons'] = $this->config->get('moneymaker2_common_categories_icons');
				$data['moneymaker2_catalog_default_view'] = $this->config->get('moneymaker2_catalog_layout_default');
				$data['moneymaker2_catalog_layout_switcher_hide'] = $this->config->get('moneymaker2_catalog_layout_switcher_hide');

				$data['moneymaker2_common_buy_hide'] = $this->config->get('moneymaker2_common_buy_hide');
				$data['moneymaker2_common_wishlist_hide'] = $this->config->get('moneymaker2_common_wishlist_hide');
				$data['moneymaker2_common_wishlist_caption'] = $this->config->get('moneymaker2_common_wishlist_caption');
				$data['moneymaker2_common_compare_hide'] = $this->config->get('moneymaker2_common_compare_hide');
				$data['moneymaker2_common_compare_caption'] = $this->config->get('moneymaker2_common_compare_caption');
				$data['moneymaker2_common_cart_outofstock_disabled'] = $this->config->get('moneymaker2_common_cart_outofstock_disabled');
				$data['moneymaker2_common_price_detached'] = $this->config->get('moneymaker2_common_price_detached');
				$data['moneymaker2_stickers_mode'] = $this->config->get('moneymaker2_modules_stickers_mode');
				$data['moneymaker2_stickers_size_catalog'] = $this->config->get('moneymaker2_modules_stickers_size_catalog');
				if (isset($data['description'])&&isset($page)&&$page!==1&&$page!=="{page}") {
					$data['description'] = '';
				}
				/*mmr*/
				]]></add>
		</operation>
		<operation>
				<search><![CDATA[$data['categories'][] = array(]]></search>
				<add position="replace"><![CDATA[
				/*mmr*/
				if ($this->config->get('moneymaker2_catalog_categories_child_images')) {
						if ($result['image']) {
								$image = $this->model_tool_image->resize($result['image'], $this->config->get('moneymaker2_catalog_categories_child_images_width'), $this->config->get('moneymaker2_catalog_categories_child_images_height'));
						} else {
								$image = $this->model_tool_image->resize('no_image.png', $this->config->get('moneymaker2_catalog_categories_child_images_width'), $this->config->get('moneymaker2_catalog_categories_child_images_height'));
						}
				}
				$data['categories'][] = array(
						'thumb' => $this->config->get('moneymaker2_catalog_categories_child_images') ? $image : false,
						'icon' => $data['moneymaker2_common_categories_icons_enabled']&&$this->config->get('moneymaker2_catalog_categories_child_icons')&&isset($data['moneymaker2_common_categories_icons'][$result['category_id']]) ? $data['moneymaker2_common_categories_icons'][$result['category_id']] : null,
				/*mmr*/
				]]></add>
		</operation>
		</file>
		<file path="catalog/controller/blog/article.php">
				<operation>
				<search><![CDATA[$data['products'][] = array(]]></search>
				<add position="replace"><![CDATA[
				/*mmr*/
				$moneymaker2_stickers = array();
				if ($special) {
						if ($this->config->get('moneymaker2_modules_stickers_specials_enabled')) {
								$moneymaker2_modules_stickers_specials_caption = $this->config->get('moneymaker2_modules_stickers_specials_caption');
								$moneymaker2_modules_stickers_specials_discount = ($this->config->get('moneymaker2_modules_stickers_specials_discount')&&$result['price']>0) ? ($this->config->get('moneymaker2_modules_stickers_specials_discount_mode') ? "-".round(100-(($result['special']/$result['price'])*100))."%" : "-".$this->currency->format((($result['special'])-($result['price']))*(-1))) : '';
								$moneymaker2_stickers[] = array(
										'type' => 'special',
										'icon' => $this->config->get('moneymaker2_modules_stickers_specials_icon'),
										'caption' => $this->config->get('moneymaker2_modules_stickers_specials_discount') ? "<b>".$moneymaker2_modules_stickers_specials_discount."</b> ".(isset($moneymaker2_modules_stickers_specials_caption[$this->config->get('config_language_id')]) ? $moneymaker2_modules_stickers_specials_caption[$this->config->get('config_language_id')] : null) : (isset($moneymaker2_modules_stickers_specials_caption[$this->config->get('config_language_id')]) ? $moneymaker2_modules_stickers_specials_caption[$this->config->get('config_language_id')] : null),
								);
						}
				}
				if ($result['viewed']) {
						if ($this->config->get('moneymaker2_modules_stickers_popular_enabled')) {
								if ($result['viewed']>=$this->config->get('moneymaker2_modules_stickers_popular_limit')) {
										$moneymaker2_modules_stickers_popular_caption = $this->config->get('moneymaker2_modules_stickers_popular_caption');
										$moneymaker2_stickers[] = array(
												'type' => 'popular',
												'icon' => $this->config->get('moneymaker2_modules_stickers_popular_icon'),
													'caption' => isset($moneymaker2_modules_stickers_popular_caption[$this->config->get('config_language_id')]) ? $moneymaker2_modules_stickers_popular_caption[$this->config->get('config_language_id')] : null,
										);
								}
						}
				}
				if ($result['rating']) {
						if ($this->config->get('moneymaker2_modules_stickers_rated_enabled')) {
								if ($result['rating']>=$this->config->get('moneymaker2_modules_stickers_rated_limit')) {
										$moneymaker2_modules_stickers_rated_caption = $this->config->get('moneymaker2_modules_stickers_rated_caption');
										$moneymaker2_stickers[] = array(
												'type' => 'rated',
												'icon' => $this->config->get('moneymaker2_modules_stickers_rated_icon'),
												'caption' => isset($moneymaker2_modules_stickers_rated_caption[$this->config->get('config_language_id')]) ? $moneymaker2_modules_stickers_rated_caption[$this->config->get('config_language_id')] : null,
										);
								}
						}
				}
				if ($result['date_available']) {
						if ($this->config->get('moneymaker2_modules_stickers_new_enabled')) {
								if ((round((strtotime(date("Y-m-d"))-strtotime($result['date_available']))/86400))<=$this->config->get('moneymaker2_modules_stickers_new_limit')) {
										$moneymaker2_modules_stickers_new_caption = $this->config->get('moneymaker2_modules_stickers_new_caption');
										$moneymaker2_stickers[] = array(
												'type' => 'new',
												'icon' => $this->config->get('moneymaker2_modules_stickers_new_icon'),
												'caption' => isset($moneymaker2_modules_stickers_new_caption[$this->config->get('config_language_id')]) ? $moneymaker2_modules_stickers_new_caption[$this->config->get('config_language_id')] : null,
										);
								}
						}
				}
				$moneymaker2_modules_stickers_customs = $this->config->get('moneymaker2_modules_stickers_customs');
				if (!empty($moneymaker2_modules_stickers_customs)){
					foreach ($moneymaker2_modules_stickers_customs as $key => $value) {
						if (isset($result[$value['field']])&&$result[$value['field']]) {
							$moneymaker2_modules_stickers_custom_caption = $value['caption'];
							$moneymaker2_stickers[] = array(
								'type' => 'custom'.$key,
								'icon' => $value['icon'],
								'caption' => isset($value['caption'][$this->config->get('config_language_id')]) ? $value['caption'][$this->config->get('config_language_id')] : null,
							);
						}
					}
				}

						if ($result['quantity'] <= 0) { $moneymaker2_stock = "<span class='stock'><span>" . $result['stock_status'] . "</span></span>"; } else { $moneymaker2_stock = "<span class='stock instock'><!--" . $this->language->get('text_stock') . "--> <span>" . $this->language->get('text_instock') . "</span></span>"; }
						if ($this->config->get('moneymaker2_catalog_products_code_field')&&isset($result[$this->config->get('moneymaker2_catalog_products_code_field')])&&$result[$this->config->get('moneymaker2_catalog_products_code_field')]&&(!$this->config->get('moneymaker2_catalog_products_list_code_hide')||!$this->config->get('moneymaker2_catalog_products_grid_code_hide'))) {$moneymaker2_code = "<span class='code'>".$this->language->get('text_model')." <span>".$result[$this->config->get('moneymaker2_catalog_products_code_field')]."</span></span>";} else {$moneymaker2_code = '';}

						$moneymaker2_addtocart_tooltip = '';
						if ($data['moneymaker2_common_cart_outofstock_disabled']&&$result['quantity'] <= 0) {
								 if (!$data['moneymaker2_common_price_detached']) { $moneymaker2_addtocart_tooltip = "<p class='text-muted'>" . $data['button_cart'] . "</p>"; }
								 $moneymaker2_addtocart_tooltip .= "<p>".$moneymaker2_stock."</p>";
						} else if (!$data['moneymaker2_common_price_detached']) {
								 $moneymaker2_addtocart_tooltip .= "<p>".$data['button_cart']."</p>";
						}
						if ($price&&$special) { $moneymaker2_addtocart_tooltip .= "<p>".$data['moneymaker2_text_old_price']." ".$price."</p>"; }

						$moneymaker2_addtocart_class = 'btn ';
						if ($data['moneymaker2_common_cart_outofstock_disabled']&&$result['quantity'] <= 0) {
								$moneymaker2_addtocart_class .= 'disabled ';
						}
						if (!$special) {
								$moneymaker2_addtocart_class .= 'btn-primary';
						} else {
								$moneymaker2_addtocart_class .= 'btn-danger';
						}

						if ($data['moneymaker2_modules_quickorder_enabled']) {
								$moneymaker2_quickorder_tooltip = '';
								if ($data['moneymaker2_common_cart_outofstock_disabled']&&$result['quantity'] <= 0) {
										$moneymaker2_quickorder_tooltip .= "<p class='text-muted'>" . $data['moneymaker2_modules_quickorder_button_title'] . "</p>";
										$moneymaker2_quickorder_tooltip .= "<p>" . $moneymaker2_stock . "</p>";
								} else {
										$moneymaker2_quickorder_tooltip .= "<p>" . $data['moneymaker2_modules_quickorder_button_title'] . "</p>";
								}
								$moneymaker2_quickorder_class = 'btn btn-default';
								if ($data['moneymaker2_common_cart_outofstock_disabled']&&$result['quantity'] <= 0) {
										$moneymaker2_quickorder_class .= ' disabled';
								}
						}

						$data['products'][] = array(
								'stickers'              => $moneymaker2_stickers,
								'stock'                 => $moneymaker2_stock,
								'code'                  => $moneymaker2_code,
								'sold'                  => $data['moneymaker2_common_cart_outofstock_disabled']&&$result['quantity'] <= 0 ? true : false,
								'quantity'              => $result['quantity'],
								'sort_order'            => $result['sort_order'],
								'review_count'          => $result['reviews'],
								'addtocart_tooltip'     => $moneymaker2_addtocart_tooltip,
								'addtocart_class'       => $moneymaker2_addtocart_class,
								'quickorder_tooltip'    => $data['moneymaker2_modules_quickorder_enabled'] ? $moneymaker2_quickorder_tooltip : '',
								'quickorder_class'      => $data['moneymaker2_modules_quickorder_enabled'] ? $moneymaker2_quickorder_class : '',
				/*mmr*/
				]]></add>
		</operation>
				<operation>
				<search><![CDATA[$data['text_views'] = $this->language->get('text_views');]]></search>
				<add position="after"><![CDATA[
				/*mmr*/
				$this->load->model('catalog/information');
				$this->load->language('product/product');
				$this->load->language('module/moneymaker2');
				$data['moneymaker2_currency'] = $this->currency->getCode();
				$data['moneymaker2_text_old_price'] = $this->language->get('text_old_price');
				$data['moneymaker2_modules_quickorder_enabled'] = $this->config->get('moneymaker2_modules_quickorder_enabled');
				if ($data['moneymaker2_modules_quickorder_enabled']) {
						$data['moneymaker2_modules_quickorder_display_catalog'] = $this->config->get('moneymaker2_modules_quickorder_display_catalog');
						$data['moneymaker2_modules_quickorder_button_title'] = $this->config->get('moneymaker2_modules_quickorder_button_title');
						$data['moneymaker2_modules_quickorder_button_title'] = isset($data['moneymaker2_modules_quickorder_button_title'][$this->config->get('config_language_id')]) ? $data['moneymaker2_modules_quickorder_button_title'][$this->config->get('config_language_id')] : null;
				}

				$data['moneymaker2_catalog_categories_images_hide'] = $this->config->get('moneymaker2_catalog_categories_images_hide');
				$data['moneymaker2_catalog_categories_move_description'] = $this->config->get('moneymaker2_catalog_categories_move_description');
				$data['moneymaker2_common_categories_icons_enabled'] = $this->config->get('moneymaker2_common_categories_icons_enabled');
				$data['moneymaker2_common_categories_icons'] = $this->config->get('moneymaker2_common_categories_icons');
				$data['moneymaker2_catalog_default_view'] = $this->config->get('moneymaker2_catalog_layout_default');
				$data['moneymaker2_catalog_layout_switcher_hide'] = $this->config->get('moneymaker2_catalog_layout_switcher_hide');

				$data['moneymaker2_common_buy_hide'] = $this->config->get('moneymaker2_common_buy_hide');
				$data['moneymaker2_common_wishlist_hide'] = $this->config->get('moneymaker2_common_wishlist_hide');
				$data['moneymaker2_common_wishlist_caption'] = $this->config->get('moneymaker2_common_wishlist_caption');
				$data['moneymaker2_common_compare_hide'] = $this->config->get('moneymaker2_common_compare_hide');
				$data['moneymaker2_common_compare_caption'] = $this->config->get('moneymaker2_common_compare_caption');
				$data['moneymaker2_common_cart_outofstock_disabled'] = $this->config->get('moneymaker2_common_cart_outofstock_disabled');
				$data['moneymaker2_common_price_detached'] = $this->config->get('moneymaker2_common_price_detached');
				$data['moneymaker2_stickers_mode'] = $this->config->get('moneymaker2_modules_stickers_mode');
				$data['moneymaker2_stickers_size_catalog'] = $this->config->get('moneymaker2_modules_stickers_size_catalog');
				/*mmr*/
				]]></add>
		</operation>
		</file>
		<file path="catalog/controller/product/manufacturer.php">
		<operation>
				<search><![CDATA[$data['products'] = array();]]></search>
				<add position="before"><![CDATA[
		/*mmr*/
		$data['manufacturer_image'] = $manufacturer_info['image'] ? $this->model_tool_image->resize($manufacturer_info['image'], $this->config->get('moneymaker2_catalog_manufacturer_logo_width'), $this->config->get('moneymaker2_catalog_manufacturer_logo_height')) : $this->model_tool_image->resize('no_image.png', $this->config->get('moneymaker2_catalog_manufacturer_logo_width'), $this->config->get('moneymaker2_catalog_manufacturer_logo_height'));

		$this->load->language('product/product');
		$this->load->language('module/moneymaker2');
		$data['moneymaker2_text_old_price'] = $this->language->get('text_old_price');
		$data['moneymaker2_modules_quickorder_enabled'] = $this->config->get('moneymaker2_modules_quickorder_enabled');
		if ($data['moneymaker2_modules_quickorder_enabled']) {
				$data['moneymaker2_modules_quickorder_display_catalog'] = $this->config->get('moneymaker2_modules_quickorder_display_catalog');
				$data['moneymaker2_modules_quickorder_button_title'] = $this->config->get('moneymaker2_modules_quickorder_button_title');
				$data['moneymaker2_modules_quickorder_button_title'] = isset($data['moneymaker2_modules_quickorder_button_title'][$this->config->get('config_language_id')]) ? $data['moneymaker2_modules_quickorder_button_title'][$this->config->get('config_language_id')] : null;
		}

		$data['moneymaker2_catalog_categories_images_hide'] = $this->config->get('moneymaker2_catalog_categories_images_hide');
		$data['moneymaker2_catalog_categories_move_description'] = $this->config->get('moneymaker2_catalog_categories_move_description');
		$data['moneymaker2_common_categories_icons_enabled'] = $this->config->get('moneymaker2_common_categories_icons_enabled');
		$data['moneymaker2_common_categories_icons'] = $this->config->get('moneymaker2_common_categories_icons');
		$data['moneymaker2_catalog_default_view'] = $this->config->get('moneymaker2_catalog_layout_default');
		$data['moneymaker2_catalog_layout_switcher_hide'] = $this->config->get('moneymaker2_catalog_layout_switcher_hide');

		$data['moneymaker2_common_buy_hide'] = $this->config->get('moneymaker2_common_buy_hide');
		$data['moneymaker2_common_wishlist_hide'] = $this->config->get('moneymaker2_common_wishlist_hide');
		$data['moneymaker2_common_wishlist_caption'] = $this->config->get('moneymaker2_common_wishlist_caption');
		$data['moneymaker2_common_compare_hide'] = $this->config->get('moneymaker2_common_compare_hide');
		$data['moneymaker2_common_compare_caption'] = $this->config->get('moneymaker2_common_compare_caption');
		$data['moneymaker2_common_cart_outofstock_disabled'] = $this->config->get('moneymaker2_common_cart_outofstock_disabled');
		$data['moneymaker2_common_price_detached'] = $this->config->get('moneymaker2_common_price_detached');
		$data['moneymaker2_stickers_mode'] = $this->config->get('moneymaker2_modules_stickers_mode');
		$data['moneymaker2_stickers_size_catalog'] = $this->config->get('moneymaker2_modules_stickers_size_catalog');
		/*mmr*/
		]]></add>
		</operation>
		<operation>
				<search><![CDATA[$data['products'][] = array(]]></search>
				<add position="replace"><![CDATA[
		/*mmr*/
		$moneymaker2_stickers = array();
		if ($special) {
				if ($this->config->get('moneymaker2_modules_stickers_specials_enabled')) {
						$moneymaker2_modules_stickers_specials_caption = $this->config->get('moneymaker2_modules_stickers_specials_caption');
						$moneymaker2_modules_stickers_specials_discount = ($this->config->get('moneymaker2_modules_stickers_specials_discount')&&$result['price']>0) ? ($this->config->get('moneymaker2_modules_stickers_specials_discount_mode') ? "-".round(100-(($result['special']/$result['price'])*100))."%" : "-".$this->currency->format((($result['special'])-($result['price']))*(-1))) : '';
						$moneymaker2_stickers[] = array(
								'type' => 'special',
								'icon' => $this->config->get('moneymaker2_modules_stickers_specials_icon'),
								'caption' => $this->config->get('moneymaker2_modules_stickers_specials_discount') ? "<b>".$moneymaker2_modules_stickers_specials_discount."</b> ".(isset($moneymaker2_modules_stickers_specials_caption[$this->config->get('config_language_id')]) ? $moneymaker2_modules_stickers_specials_caption[$this->config->get('config_language_id')] : null) : (isset($moneymaker2_modules_stickers_specials_caption[$this->config->get('config_language_id')]) ? $moneymaker2_modules_stickers_specials_caption[$this->config->get('config_language_id')] : null),
						);
				}
		}
		if ($result['viewed']) {
				if ($this->config->get('moneymaker2_modules_stickers_popular_enabled')) {
						if ($result['viewed']>=$this->config->get('moneymaker2_modules_stickers_popular_limit')) {
								$moneymaker2_modules_stickers_popular_caption = $this->config->get('moneymaker2_modules_stickers_popular_caption');
								$moneymaker2_stickers[] = array(
										'type' => 'popular',
										'icon' => $this->config->get('moneymaker2_modules_stickers_popular_icon'),
											'caption' => isset($moneymaker2_modules_stickers_popular_caption[$this->config->get('config_language_id')]) ? $moneymaker2_modules_stickers_popular_caption[$this->config->get('config_language_id')] : null,
								);
						}
				}
		}
		if ($result['rating']) {
				if ($this->config->get('moneymaker2_modules_stickers_rated_enabled')) {
						if ($result['rating']>=$this->config->get('moneymaker2_modules_stickers_rated_limit')) {
								$moneymaker2_modules_stickers_rated_caption = $this->config->get('moneymaker2_modules_stickers_rated_caption');
								$moneymaker2_stickers[] = array(
										'type' => 'rated',
										'icon' => $this->config->get('moneymaker2_modules_stickers_rated_icon'),
										'caption' => isset($moneymaker2_modules_stickers_rated_caption[$this->config->get('config_language_id')]) ? $moneymaker2_modules_stickers_rated_caption[$this->config->get('config_language_id')] : null,
								);
						}
				}
		}
		if ($result['date_available']) {
				if ($this->config->get('moneymaker2_modules_stickers_new_enabled')) {
						if ((round((strtotime(date("Y-m-d"))-strtotime($result['date_available']))/86400))<=$this->config->get('moneymaker2_modules_stickers_new_limit')) {
								$moneymaker2_modules_stickers_new_caption = $this->config->get('moneymaker2_modules_stickers_new_caption');
								$moneymaker2_stickers[] = array(
										'type' => 'new',
										'icon' => $this->config->get('moneymaker2_modules_stickers_new_icon'),
										'caption' => isset($moneymaker2_modules_stickers_new_caption[$this->config->get('config_language_id')]) ? $moneymaker2_modules_stickers_new_caption[$this->config->get('config_language_id')] : null,
								);
						}
				}
		}
		$moneymaker2_modules_stickers_customs = $this->config->get('moneymaker2_modules_stickers_customs');
		if (!empty($moneymaker2_modules_stickers_customs)){
			foreach ($moneymaker2_modules_stickers_customs as $key => $value) {
				if (isset($result[$value['field']])&&$result[$value['field']]) {
					$moneymaker2_modules_stickers_custom_caption = $value['caption'];
					$moneymaker2_stickers[] = array(
						'type' => 'custom'.$key,
						'icon' => $value['icon'],
						'caption' => isset($value['caption'][$this->config->get('config_language_id')]) ? $value['caption'][$this->config->get('config_language_id')] : null,
					);
				}
			}
		}

						if ($result['quantity'] <= 0) { $moneymaker2_stock = "<span class='stock'><span>" . $result['stock_status'] . "</span></span>"; } else { $moneymaker2_stock = "<span class='stock instock'><!--" . $this->language->get('text_stock') . "--> <span>" . $this->language->get('text_instock') . "</span></span>"; }
						if ($this->config->get('moneymaker2_catalog_products_code_field')&&isset($result[$this->config->get('moneymaker2_catalog_products_code_field')])&&$result[$this->config->get('moneymaker2_catalog_products_code_field')]&&(!$this->config->get('moneymaker2_catalog_products_list_code_hide')||!$this->config->get('moneymaker2_catalog_products_grid_code_hide'))) {$moneymaker2_code = "<span class='code'>".$this->language->get('text_model')." <span>".$result[$this->config->get('moneymaker2_catalog_products_code_field')]."</span></span>";} else {$moneymaker2_code = '';}

						$moneymaker2_addtocart_tooltip = '';
						if ($data['moneymaker2_common_cart_outofstock_disabled']&&$result['quantity'] <= 0) {
								 if (!$data['moneymaker2_common_price_detached']) { $moneymaker2_addtocart_tooltip = "<p class='text-muted'>" . $data['button_cart'] . "</p>"; }
								 $moneymaker2_addtocart_tooltip .= "<p>".$moneymaker2_stock."</p>";
						} else if (!$data['moneymaker2_common_price_detached']) {
								 $moneymaker2_addtocart_tooltip .= "<p>".$data['button_cart']."</p>";
						}
						if ($price&&$special) { $moneymaker2_addtocart_tooltip .= "<p>".$data['moneymaker2_text_old_price']." ".$price."</p>"; }

						$moneymaker2_addtocart_class = 'btn ';
						if ($data['moneymaker2_common_cart_outofstock_disabled']&&$result['quantity'] <= 0) {
								$moneymaker2_addtocart_class .= 'disabled ';
						}
						if (!$special) {
								$moneymaker2_addtocart_class .= 'btn-primary';
						} else {
								$moneymaker2_addtocart_class .= 'btn-danger';
						}

						if ($data['moneymaker2_modules_quickorder_enabled']) {
								$moneymaker2_quickorder_tooltip = '';
								if ($data['moneymaker2_common_cart_outofstock_disabled']&&$result['quantity'] <= 0) {
										$moneymaker2_quickorder_tooltip .= "<p class='text-muted'>" . $data['moneymaker2_modules_quickorder_button_title'] . "</p>";
										$moneymaker2_quickorder_tooltip .= "<p>" . $moneymaker2_stock . "</p>";
								} else {
										$moneymaker2_quickorder_tooltip .= "<p>" . $data['moneymaker2_modules_quickorder_button_title'] . "</p>";
								}
								$moneymaker2_quickorder_class = 'btn btn-default';
								if ($data['moneymaker2_common_cart_outofstock_disabled']&&$result['quantity'] <= 0) {
										$moneymaker2_quickorder_class .= ' disabled';
								}
						}

						$data['products'][] = array(
								'stickers'              => $moneymaker2_stickers,
								'stock'                 => $moneymaker2_stock,
								'code'                  => $moneymaker2_code,
								'sold'                  => $data['moneymaker2_common_cart_outofstock_disabled']&&$result['quantity'] <= 0 ? true : false,
								'quantity'              => $result['quantity'],
								'sort_order'            => $result['sort_order'],
								'review_count'          => $result['reviews'],
								'addtocart_tooltip'     => $moneymaker2_addtocart_tooltip,
								'addtocart_class'       => $moneymaker2_addtocart_class,
								'quickorder_tooltip'    => $data['moneymaker2_modules_quickorder_enabled'] ? $moneymaker2_quickorder_tooltip : '',
								'quickorder_class'      => $data['moneymaker2_modules_quickorder_enabled'] ? $moneymaker2_quickorder_class : '',
		/*mmr*/
				]]></add>
		</operation>
		</file>

		<file path="catalog/controller/product/category.php">
		<operation>
				<search><![CDATA[$data['heading_title'] = $category_info['name'];]]></search>
				<add position="after"><![CDATA[
				/*mmr*/
				if ($this->config->get('moneymaker2_catalog_categories_metatitles_enabled')) {
						$data['heading_title'] = $category_info['meta_title'];
				}
				/*mmr*/
				]]></add>
		</operation>
				<operation>
						<search><![CDATA[$data['description'] = html_entity_decode($category_info['description'], ENT_QUOTES, 'UTF-8');]]></search>
						<add position="replace"><![CDATA[
		/*mmr*/
		if ($page==1||$page=="{page}") {
			$data['description'] = html_entity_decode($category_info['description'], ENT_QUOTES, 'UTF-8');
		} else {
			$data['description'] = '';
		}
		/*mmr*/
		]]></add>
				</operation>
		<operation>
				<search><![CDATA[$data['button_grid'] = $this->language->get('button_grid');]]></search>
				<add position="after"><![CDATA[
				/*mmr*/
				$this->load->model('catalog/information');
				$this->load->language('product/product');
				$this->load->language('module/moneymaker2');
				$data['moneymaker2_currency'] = $this->currency->getCode();
				$data['moneymaker2_text_old_price'] = $this->language->get('text_old_price');
				$data['moneymaker2_modules_quickorder_enabled'] = $this->config->get('moneymaker2_modules_quickorder_enabled');
				if ($data['moneymaker2_modules_quickorder_enabled']) {
						$data['moneymaker2_modules_quickorder_display_catalog'] = $this->config->get('moneymaker2_modules_quickorder_display_catalog');
						$data['moneymaker2_modules_quickorder_button_title'] = $this->config->get('moneymaker2_modules_quickorder_button_title');
						$data['moneymaker2_modules_quickorder_button_title'] = isset($data['moneymaker2_modules_quickorder_button_title'][$this->config->get('config_language_id')]) ? $data['moneymaker2_modules_quickorder_button_title'][$this->config->get('config_language_id')] : null;
				}
				$data['moneymaker2_catalog_categories_hidechilds'] = $this->config->get('moneymaker2_catalog_categories_hidechilds');
				$data['moneymaker2_catalog_categories_images_hide'] = $this->config->get('moneymaker2_catalog_categories_images_hide');
				$data['moneymaker2_catalog_categories_move_description'] = $this->config->get('moneymaker2_catalog_categories_move_description');
				$data['moneymaker2_common_categories_icons_enabled'] = $this->config->get('moneymaker2_common_categories_icons_enabled');
				$data['moneymaker2_common_categories_icons'] = $this->config->get('moneymaker2_common_categories_icons');
				$data['moneymaker2_catalog_default_view'] = $this->config->get('moneymaker2_catalog_layout_default');
				$data['moneymaker2_catalog_layout_switcher_hide'] = $this->config->get('moneymaker2_catalog_layout_switcher_hide');

				$data['moneymaker2_common_buy_hide'] = $this->config->get('moneymaker2_common_buy_hide');
				$data['moneymaker2_common_wishlist_hide'] = $this->config->get('moneymaker2_common_wishlist_hide');
				$data['moneymaker2_common_wishlist_caption'] = $this->config->get('moneymaker2_common_wishlist_caption');
				$data['moneymaker2_common_compare_hide'] = $this->config->get('moneymaker2_common_compare_hide');
				$data['moneymaker2_common_compare_caption'] = $this->config->get('moneymaker2_common_compare_caption');
				$data['moneymaker2_common_cart_outofstock_disabled'] = $this->config->get('moneymaker2_common_cart_outofstock_disabled');
				$data['moneymaker2_common_price_detached'] = $this->config->get('moneymaker2_common_price_detached');
				$data['moneymaker2_stickers_mode'] = $this->config->get('moneymaker2_modules_stickers_mode');
				$data['moneymaker2_stickers_size_catalog'] = $this->config->get('moneymaker2_modules_stickers_size_catalog');

				/*promo*/
				$data['moneymaker2_modules_promo_style'] = $this->config->get('moneymaker2_modules_promo_style');
				$data['moneymaker2_modules_promo_text_style'] = str_replace("danger", "special", $data['moneymaker2_modules_promo_style']);
				$data['moneymaker2_modules_promo_enabled'] = $this->config->get('moneymaker2_modules_promo_enabled');
				$data['moneymaker2_modules_stickers_promo_enabled'] = $this->config->get('moneymaker2_modules_stickers_promo_enabled');
				if ($data['moneymaker2_modules_promo_enabled']) {
						$data['moneymaker2_modules_promos'] = array();
						$moneymaker2_modules_promos = $this->config->get('moneymaker2_modules_promos');
						if (!empty($moneymaker2_modules_promos)){
								foreach ($moneymaker2_modules_promos as $key => $value) {
										$information_info = $this->model_catalog_information->getInformation($value['link']);
										if (isset($value['categories'])&&in_array($category_info['category_id'], $value['categories'])) {
												$data['moneymaker2_modules_promos'][] = array(
														'sort_order'    => $value['sort_order'],
														'text'          => isset($value['text'][$this->config->get('config_language_id')]) ? $value['text'][$this->config->get('config_language_id')] : null,
														'title'         => isset($value['title'][$this->config->get('config_language_id')]) ? $value['title'][$this->config->get('config_language_id')] : null,
														'link'          => $value['link'],
														'description'   => isset($value['description'][$this->config->get('config_language_id')]) ? utf8_substr(strip_tags(html_entity_decode($value['description'][$this->config->get('config_language_id')], ENT_QUOTES, 'UTF-8')), 0, $this->config->get('config_product_description_length')) . '..' : null,
														'info_title'    => isset($information_info['title']) ? $information_info['title'] : '',
														'image'         => is_file(DIR_IMAGE . $value['image']) ? $this->model_tool_image->resize($value['image'], $this->config->get('config_image_product_width'), $this->config->get('config_image_product_height')) : $this->model_tool_image->resize('no_image.png', $this->config->get('config_image_product_width'), $this->config->get('config_image_product_height'))
												);
												$moneymaker2_modules_promos_sort_order[$key] = $value['sort_order'];
										}
								}
								if (isset($moneymaker2_modules_promos_sort_order)) {
										array_multisort($moneymaker2_modules_promos_sort_order, SORT_ASC, $data['moneymaker2_modules_promos']);
								}
						}

								if ($data['moneymaker2_modules_stickers_promo_enabled']) {

										$data['moneymaker2_modules_stickers_promo_caption'] = $this->config->get('moneymaker2_modules_stickers_promo_caption');
										$data['moneymaker2_modules_stickers_promo_caption'] = isset($data['moneymaker2_modules_stickers_promo_caption'][$this->config->get('config_language_id')]) ? $data['moneymaker2_modules_stickers_promo_caption'][$this->config->get('config_language_id')] : '';
										$data['moneymaker2_modules_stickers_promo_icon'] = $this->config->get('moneymaker2_modules_stickers_promo_icon');
								}
				}
				if ($data['moneymaker2_common_categories_icons_enabled']&&isset($data['moneymaker2_common_categories_icons'][$category_id])&&$data['moneymaker2_common_categories_icons'][$category_id]!='-') {
						$data['category_icon'] = $data['moneymaker2_common_categories_icons'][$category_id];
				} else {
						$data['category_icon'] = false;
				}
				$data['moneymaker2_catalog_categories_images_round'] = $this->config->get('moneymaker2_catalog_categories_images_round');
				$data['moneymaker2_catalog_categories_advantages_enabled'] = $this->config->get('moneymaker2_catalog_categories_advantages_enabled');
				if ($data['moneymaker2_catalog_categories_advantages_enabled']) {
					$data['moneymaker2_categories_advantages'] = array();
					$moneymaker2_categories_advantages = $this->config->get('moneymaker2_categories_advantages');
					if (!empty($moneymaker2_categories_advantages)){
						if ($category_id){
							foreach ($moneymaker2_categories_advantages as $key => $value) {
								if (isset($value['categories'])&&in_array($category_id, $value['categories'])) {
									$data['moneymaker2_categories_advantages'][] = array(
										'icon'          => $value['icon'],
										'categories'    => isset($value['categories']) ? $value['categories'] : array(0),
										'name'          => isset($value['name'][$this->config->get('config_language_id')]) ? $value['name'][$this->config->get('config_language_id')] : null,
										'link' => $value['link'],
										'style' => $value['style'],
									);
								}
							}
							if (count($data['moneymaker2_categories_advantages'])>2) {
								$moneymaker2_rand = mt_rand(0, count($data['moneymaker2_categories_advantages']) - 1);
								$data['moneymaker2_categories_advantages_l'] = $data['moneymaker2_categories_advantages'][$moneymaker2_rand];
								unset($data['moneymaker2_categories_advantages'][$moneymaker2_rand]);
								$data['moneymaker2_categories_advantages'] = array_values($data['moneymaker2_categories_advantages']);
								$moneymaker2_rand = mt_rand(0, count($data['moneymaker2_categories_advantages']) - 1);
								$data['moneymaker2_categories_advantages_r'] = $data['moneymaker2_categories_advantages'][$moneymaker2_rand];
							} else {
								$data['moneymaker2_categories_advantages_l'] = isset($data['moneymaker2_categories_advantages'][0]) ? $data['moneymaker2_categories_advantages'][0] : null;
								$data['moneymaker2_categories_advantages_r'] = isset($data['moneymaker2_categories_advantages'][1]) ? $data['moneymaker2_categories_advantages'][1] : null;
							}
						}
					} else {
						$data['moneymaker2_categories_advantages_l'] = null;
						$data['moneymaker2_categories_advantages_r'] = null;
					}
				}
				/*mmr*/
				]]></add>
		</operation>
		<operation>
				<search><![CDATA[$data['categories'][] = array(]]></search>
				<add position="replace"><![CDATA[
				/*mmr*/
				if ($this->config->get('moneymaker2_catalog_categories_child_images')) {
						if ($result['image']) {
								$image = $this->model_tool_image->resize($result['image'], $this->config->get('moneymaker2_catalog_categories_child_images_width'), $this->config->get('moneymaker2_catalog_categories_child_images_height'));
						} else {
								$image = $this->model_tool_image->resize('no_image.png', $this->config->get('moneymaker2_catalog_categories_child_images_width'), $this->config->get('moneymaker2_catalog_categories_child_images_height'));
						}
				}
				$data['categories'][] = array(
						'thumb' => $this->config->get('moneymaker2_catalog_categories_child_images') ? $image : false,
						'icon' => $data['moneymaker2_common_categories_icons_enabled']&&$this->config->get('moneymaker2_catalog_categories_child_icons')&&isset($data['moneymaker2_common_categories_icons'][$result['category_id']]) ? $data['moneymaker2_common_categories_icons'][$result['category_id']] : null,
				/*mmr*/
				]]></add>
		</operation>
		<operation>
				<search><![CDATA[$data['products'][] = array(]]></search>
				<add position="replace"><![CDATA[
				/*mmr*/
				$moneymaker2_stickers = array();
				if ($special) {
						if ($this->config->get('moneymaker2_modules_stickers_specials_enabled')) {
								$moneymaker2_modules_stickers_specials_caption = $this->config->get('moneymaker2_modules_stickers_specials_caption');
								$moneymaker2_modules_stickers_specials_discount = ($this->config->get('moneymaker2_modules_stickers_specials_discount')&&$result['price']>0) ? ($this->config->get('moneymaker2_modules_stickers_specials_discount_mode') ? "-".round(100-(($result['special']/$result['price'])*100))."%" : "-".$this->currency->format((($result['special'])-($result['price']))*(-1))) : '';
								$moneymaker2_stickers[] = array(
										'type' => 'special',
										'icon' => $this->config->get('moneymaker2_modules_stickers_specials_icon'),
										'caption' => $this->config->get('moneymaker2_modules_stickers_specials_discount') ? "<b>".$moneymaker2_modules_stickers_specials_discount."</b> ".(isset($moneymaker2_modules_stickers_specials_caption[$this->config->get('config_language_id')]) ? $moneymaker2_modules_stickers_specials_caption[$this->config->get('config_language_id')] : null) : (isset($moneymaker2_modules_stickers_specials_caption[$this->config->get('config_language_id')]) ? $moneymaker2_modules_stickers_specials_caption[$this->config->get('config_language_id')] : null),
								);
						}
				}
				if ($result['viewed']) {
						if ($this->config->get('moneymaker2_modules_stickers_popular_enabled')) {
								if ($result['viewed']>=$this->config->get('moneymaker2_modules_stickers_popular_limit')) {
										$moneymaker2_modules_stickers_popular_caption = $this->config->get('moneymaker2_modules_stickers_popular_caption');
										$moneymaker2_stickers[] = array(
												'type' => 'popular',
												'icon' => $this->config->get('moneymaker2_modules_stickers_popular_icon'),
													'caption' => isset($moneymaker2_modules_stickers_popular_caption[$this->config->get('config_language_id')]) ? $moneymaker2_modules_stickers_popular_caption[$this->config->get('config_language_id')] : null,
										);
								}
						}
				}
				if ($result['rating']) {
						if ($this->config->get('moneymaker2_modules_stickers_rated_enabled')) {
								if ($result['rating']>=$this->config->get('moneymaker2_modules_stickers_rated_limit')) {
										$moneymaker2_modules_stickers_rated_caption = $this->config->get('moneymaker2_modules_stickers_rated_caption');
										$moneymaker2_stickers[] = array(
												'type' => 'rated',
												'icon' => $this->config->get('moneymaker2_modules_stickers_rated_icon'),
												'caption' => isset($moneymaker2_modules_stickers_rated_caption[$this->config->get('config_language_id')]) ? $moneymaker2_modules_stickers_rated_caption[$this->config->get('config_language_id')] : null,
										);
								}
						}
				}
				if ($result['date_available']) {
						if ($this->config->get('moneymaker2_modules_stickers_new_enabled')) {
								if ((round((strtotime(date("Y-m-d"))-strtotime($result['date_available']))/86400))<=$this->config->get('moneymaker2_modules_stickers_new_limit')) {
										$moneymaker2_modules_stickers_new_caption = $this->config->get('moneymaker2_modules_stickers_new_caption');
										$moneymaker2_stickers[] = array(
												'type' => 'new',
												'icon' => $this->config->get('moneymaker2_modules_stickers_new_icon'),
												'caption' => isset($moneymaker2_modules_stickers_new_caption[$this->config->get('config_language_id')]) ? $moneymaker2_modules_stickers_new_caption[$this->config->get('config_language_id')] : null,
										);
								}
						}
				}
				$moneymaker2_modules_stickers_customs = $this->config->get('moneymaker2_modules_stickers_customs');
				if (!empty($moneymaker2_modules_stickers_customs)){
					foreach ($moneymaker2_modules_stickers_customs as $key => $value) {
						if (isset($result[$value['field']])&&$result[$value['field']]) {
							$moneymaker2_modules_stickers_custom_caption = $value['caption'];
							$moneymaker2_stickers[] = array(
								'type' => 'custom'.$key,
								'icon' => $value['icon'],
								'caption' => isset($value['caption'][$this->config->get('config_language_id')]) ? $value['caption'][$this->config->get('config_language_id')] : null,
							);
						}
					}
				}

						if ($result['quantity'] <= 0) { $moneymaker2_stock = "<span class='stock'><span>" . $result['stock_status'] . "</span></span>"; } else { $moneymaker2_stock = "<span class='stock instock'><!--" . $this->language->get('text_stock') . "--> <span>" . $this->language->get('text_instock') . "</span></span>"; }
						if ($this->config->get('moneymaker2_catalog_products_code_field')&&isset($result[$this->config->get('moneymaker2_catalog_products_code_field')])&&$result[$this->config->get('moneymaker2_catalog_products_code_field')]&&(!$this->config->get('moneymaker2_catalog_products_list_code_hide')||!$this->config->get('moneymaker2_catalog_products_grid_code_hide'))) {$moneymaker2_code = "<span class='code'>".$this->language->get('text_model')." <span>".$result[$this->config->get('moneymaker2_catalog_products_code_field')]."</span></span>";} else {$moneymaker2_code = '';}

						$moneymaker2_addtocart_tooltip = '';
						if ($data['moneymaker2_common_cart_outofstock_disabled']&&$result['quantity'] <= 0) {
								 if (!$data['moneymaker2_common_price_detached']) { $moneymaker2_addtocart_tooltip = "<p class='text-muted'>" . $data['button_cart'] . "</p>"; }
								 $moneymaker2_addtocart_tooltip .= "<p>".$moneymaker2_stock."</p>";
						} else if (!$data['moneymaker2_common_price_detached']) {
								 $moneymaker2_addtocart_tooltip .= "<p>".$data['button_cart']."</p>";
						}
						if ($price&&$special) { $moneymaker2_addtocart_tooltip .= "<p>".$data['moneymaker2_text_old_price']." ".$price."</p>"; }

						$moneymaker2_addtocart_class = 'btn ';
						if ($data['moneymaker2_common_cart_outofstock_disabled']&&$result['quantity'] <= 0) {
								$moneymaker2_addtocart_class .= 'disabled ';
						}
						if (!$special) {
								$moneymaker2_addtocart_class .= 'btn-primary';
						} else {
								$moneymaker2_addtocart_class .= 'btn-danger';
						}

						if ($data['moneymaker2_modules_quickorder_enabled']) {
								$moneymaker2_quickorder_tooltip = '';
								if ($data['moneymaker2_common_cart_outofstock_disabled']&&$result['quantity'] <= 0) {
										$moneymaker2_quickorder_tooltip .= "<p class='text-muted'>" . $data['moneymaker2_modules_quickorder_button_title'] . "</p>";
										$moneymaker2_quickorder_tooltip .= "<p>" . $moneymaker2_stock . "</p>";
								} else {
										$moneymaker2_quickorder_tooltip .= "<p>" . $data['moneymaker2_modules_quickorder_button_title'] . "</p>";
								}
								$moneymaker2_quickorder_class = 'btn btn-default';
								if ($data['moneymaker2_common_cart_outofstock_disabled']&&$result['quantity'] <= 0) {
										$moneymaker2_quickorder_class .= ' disabled';
								}
						}

						$data['products'][] = array(
								'stickers'              => $moneymaker2_stickers,
								'stock'                 => $moneymaker2_stock,
								'code'                  => $moneymaker2_code,
								'sold'                  => $data['moneymaker2_common_cart_outofstock_disabled']&&$result['quantity'] <= 0 ? true : false,
								'quantity'              => $result['quantity'],
								'sort_order'            => $result['sort_order'],
								'review_count'          => $result['reviews'],
								'addtocart_tooltip'     => $moneymaker2_addtocart_tooltip,
								'addtocart_class'       => $moneymaker2_addtocart_class,
								'quickorder_tooltip'    => $data['moneymaker2_modules_quickorder_enabled'] ? $moneymaker2_quickorder_tooltip : '',
								'quickorder_class'      => $data['moneymaker2_modules_quickorder_enabled'] ? $moneymaker2_quickorder_class : '',
				/*mmr*/
				]]></add>
		</operation>
		</file>
		<file path="catalog/controller/captcha/google_captcha.php">
			<operation>
				<search><![CDATA[$data['route'] = $this->request->get['route']; ]]></search>
				<add position="replace"><![CDATA[
			/*mmr*/
			$data['route'] = isset($this->request->get['route']) ? $this->request->get['route'] : '';
			/*mmr*/
			]]></add>
			</operation>
		</file>
</modification>