<?xml version="1.0" encoding="UTF-8"?>
<modification>
    <name>link to abandoned cart</name>
    <code>link to abandoned cart</code>
    <version>1.0.0</version>
    <author>deeman</author>
    <link>http://simpleopencart.com</link>


    <file path="admin/controller/common/column_left.php" error="skip">
        <operation>
            <search><![CDATA[
            if ($this->user->hasPermission('access', 'sale/order')) {
            ]]></search>
            <add position="after"><![CDATA[
            $sale[] = array(
                'name'     => $this->language->get('text_abandoned_carts'),
                'href'     => $this->url->link('extension/module/simple', 'abandoned&user_token=' . $this->session->data['user_token'], true),
                'children' => array()       
            );
            ]]>
            </add>
        </operation>
    </file>

    <file path="admin/language/ru-ru/common/column_left.php" error="skip">
        <operation>
            <search><![CDATA[
            <?php
            ]]></search>
            <add position="after"><![CDATA[
            $_['text_abandoned_carts'] = 'Брошенные корзины';
            ]]>
            </add>
        </operation>
    </file>

    <file path="admin/language/uk-ua/common/column_left.php" error="skip">
        <operation>
            <search><![CDATA[
            <?php
            ]]></search>
            <add position="after"><![CDATA[
            $_['text_abandoned_carts'] = 'Покануті кошики';
            ]]>
            </add>
        </operation>
    </file>

</modification>
