<?xml version="1.0" encoding="UTF-8"?>
<modification>
    <name>Password in email</name>
    <code>password in email</code>
    <version>1.0.0</version>
    <author>deeman</author>
    <link>http://simpleopencart.com</link>

    <file path="catalog/controller/mail/register.php">
        <operation>
            <search><![CDATA[
            $data['text_login'] = $this->language->get('text_login');      
            ]]></search>
            <add position="after"><![CDATA[
            $data['text_password'] = $this->language->get('text_password') . ' ' . $args[0]['password'];
            ]]>
            </add>
        </operation>
    </file>
    <file path="catalog/view/theme/default/template/mail/register.twig">
        <operation>
            <search><![CDATA[
            {{ login }}    
            ]]></search>
            <add position="after"><![CDATA[
            {{ text_password }}
            ]]>
            </add>
        </operation>
    </file>
    <file path="catalog/language/ru-ru/mail/register.php" error="skip">
        <operation>
            <search><![CDATA[
            <?php
            ]]></search>
            <add position="after"><![CDATA[
            $_['text_password']   = 'Ваш пароль:';
            ]]>
            </add>
        </operation>
    </file>
    <file path="catalog/language/uk-ua/mail/register.php" error="skip">
        <operation>
            <search><![CDATA[
            <?php
            ]]></search>
            <add position="after"><![CDATA[
            $_['text_password']   = 'Ваш пароль:';
            ]]>
            </add>
        </operation>
    </file>
    <file path="catalog/language/en-gb/mail/register.php" error="skip">
        <operation>
            <search><![CDATA[
            <?php
            ]]></search>
            <add position="after"><![CDATA[
            $_['text_password']   = 'Your password:';
            ]]>
            </add>
        </operation>
    </file>
</modification>
