<modification>
    <id>Moneymaker Categories Quantity</id>
    <version>1.1.8</version>
    <vqmver>2.3</vqmver>
    <author>RGB</author>
    <!--categories-->
    <file name="catalog/controller/product/category.php">
        <operation>
            <search position="after"><![CDATA['product_id'  => $result['product_id'],]]></search>
            <add><![CDATA[
                'minimum'  => $result['minimum'],
                ]]></add>
        </operation>
    </file>
    <file name="catalog/view/theme/moneymaker/template/product/category.tpl">
        <operation>
            <search position="replace">
                <![CDATA[addToCart('<?php echo $product['product_id']; ?>');]]>
            </search>
            <add>
                <![CDATA[addToCart('<?php echo $product['product_id']; ?>', document.getElementById('mmr_catalog_qty_<?php echo $product['product_id']; ?>').value);]]>
            </add>
        </operation>
        <operation>
            <search position="before">
                <![CDATA[<?php if (!$this->config->get('mmr_common_btn_wishlist_hidden')) { ?>]]>
            </search>
            <add>
                <![CDATA[<input type="number" id="mmr_catalog_qty_<?php echo $product['product_id']; ?>" min="1" data-toggle="tooltip" class="form-control mmr_catalog_qty" size="2" value="<?php echo $product['minimum']; ?>" />]]>
            </add>
        </operation>
        <operation>
            <search position="after"><![CDATA[<div class="buy-buttons">]]></search>
            <add><![CDATA[<input type="hidden" name="product_id" value="<?php echo $product['product_id']; ?>" />]]></add>
        </operation>
    </file>
    <!--search-->
    <file name="catalog/controller/product/search.php">
        <operation>
            <search position="after"><![CDATA['product_id'  => $result['product_id'],]]></search>
            <add><![CDATA[
                'minimum'  => $result['minimum'],
                ]]></add>
        </operation>
    </file>
    <file name="catalog/view/theme/moneymaker/template/product/search.tpl">
        <operation>
            <search position="replace">
                <![CDATA[addToCart('<?php echo $product['product_id']; ?>');]]>
            </search>
            <add>
                <![CDATA[addToCart('<?php echo $product['product_id']; ?>', document.getElementById('mmr_catalog_qty_<?php echo $product['product_id']; ?>').value);]]>
            </add>
        </operation>
        <operation>
            <search position="before">
                <![CDATA[<?php if (!$this->config->get('mmr_common_btn_wishlist_hidden')) { ?>]]>
            </search>
            <add>
                <![CDATA[<input type="number" id="mmr_catalog_qty_<?php echo $product['product_id']; ?>" min="1" data-toggle="tooltip" class="form-control mmr_catalog_qty" size="2" value="<?php echo $product['minimum']; ?>" />]]>
            </add>
        </operation>
        <operation>
            <search position="after"><![CDATA[<div class="buy-buttons">]]></search>
            <add><![CDATA[<input type="hidden" name="product_id" value="<?php echo $product['product_id']; ?>" />]]></add>
        </operation>
    </file>
    <!--special-->
    <file name="catalog/controller/product/special.php">
        <operation>
            <search position="after"><![CDATA['product_id'  => $result['product_id'],]]></search>
            <add><![CDATA[
                'minimum'  => $result['minimum'],
                ]]></add>
        </operation>
    </file>
    <file name="catalog/view/theme/moneymaker/template/product/special.tpl">
        <operation>
            <search position="replace">
                <![CDATA[addToCart('<?php echo $product['product_id']; ?>');]]>
            </search>
            <add>
                <![CDATA[addToCart('<?php echo $product['product_id']; ?>', document.getElementById('mmr_catalog_qty_<?php echo $product['product_id']; ?>').value);]]>
            </add>
        </operation>
        <operation>
            <search position="before">
                <![CDATA[<?php if (!$this->config->get('mmr_common_btn_wishlist_hidden')) { ?>]]>
            </search>
            <add>
                <![CDATA[<input type="number" id="mmr_catalog_qty_<?php echo $product['product_id']; ?>" min="1" data-toggle="tooltip" class="form-control mmr_catalog_qty" size="2" value="<?php echo $product['minimum']; ?>" />]]>
            </add>
        </operation>
        <operation>
            <search position="after"><![CDATA[<div class="buy-buttons">]]></search>
            <add><![CDATA[<input type="hidden" name="product_id" value="<?php echo $product['product_id']; ?>" />]]></add>
        </operation>
    </file>
    <!--manufacturer-->
    <file name="catalog/controller/product/manufacturer.php">
        <operation>
            <search position="after"><![CDATA['product_id'  => $result['product_id'],]]></search>
            <add><![CDATA[
                'minimum'  => $result['minimum'],
                ]]></add>
        </operation>
    </file>
    <file name="catalog/view/theme/moneymaker/template/product/manufacturer_info.tpl">
        <operation>
            <search position="replace">
                <![CDATA[addToCart('<?php echo $product['product_id']; ?>');]]>
            </search>
            <add>
                <![CDATA[addToCart('<?php echo $product['product_id']; ?>', document.getElementById('mmr_catalog_qty_<?php echo $product['product_id']; ?>').value);]]>
            </add>
        </operation>
        <operation>
            <search position="before">
                <![CDATA[<?php if (!$this->config->get('mmr_common_btn_wishlist_hidden')) { ?>]]>
            </search>
            <add>
                <![CDATA[<input type="number" id="mmr_catalog_qty_<?php echo $product['product_id']; ?>" min="1" data-toggle="tooltip" class="form-control mmr_catalog_qty" size="2" value="<?php echo $product['minimum']; ?>" />]]>
            </add>
        </operation>
        <operation>
            <search position="after"><![CDATA[<div class="buy-buttons">]]></search>
            <add><![CDATA[<input type="hidden" name="product_id" value="<?php echo $product['product_id']; ?>" />]]></add>
        </operation>
    </file>
</modification>