<?xml version="1.0" encoding="utf-8"?>
<modification>
		<name>Moneymaker2 Mods 4-1 (info, bestseller, featured, latest, special)</name>
		<version>2.7.3</version>
		<author>RGB</author>
		<code>moneymaker2part41</code>
		<link>https://2.mnmkr.com</link>
		<file path="catalog/controller/common/home.php">
		<operation>
			<search><![CDATA[$data['header'] = $this->load->controller('common/header');]]></search>
			<add position="after"><![CDATA[
			/*mmr*/
			$data['moneymaker2_catalog_home_advantages_enabled'] = $this->config->get('moneymaker2_catalog_home_advantages_enabled');
			$data['moneymaker2_catalog_home_advantages_header'] = $this->config->get('moneymaker2_catalog_home_advantages_header');
			$data['moneymaker2_catalog_home_advantages_header'] = isset($data['moneymaker2_catalog_home_advantages_header'][$this->config->get('config_language_id')]) ? $data['moneymaker2_catalog_home_advantages_header'][$this->config->get('config_language_id')] : null;
			$data['moneymaker2_catalog_home_advantages_icon'] = $this->config->get('moneymaker2_catalog_home_advantages_icon');
			if ($data['moneymaker2_catalog_home_advantages_enabled']) {
				$data['moneymaker2_categories_advantages'] = array();
				$moneymaker2_categories_advantages = $this->config->get('moneymaker2_categories_advantages');
				if (!empty($moneymaker2_categories_advantages)){
						foreach ($moneymaker2_categories_advantages as $key => $value) {
							if (isset($value['categories'])&&in_array('home', $value['categories'])) {
								$data['moneymaker2_categories_advantages'][] = array(
									'icon'          => $value['icon'],
									'categories'    => isset($value['categories']) ? $value['categories'] : array(0),
									'name'          => isset($value['name'][$this->config->get('config_language_id')]) ? $value['name'][$this->config->get('config_language_id')] : null,
									'link' => $value['link'],
									'style' => $value['style'],
								);
							}
						}
						if (count($data['moneymaker2_categories_advantages'])>2) {
							$moneymaker2_rand = mt_rand(0, count($data['moneymaker2_categories_advantages']) - 1);
							$data['moneymaker2_categories_advantages_l'] = $data['moneymaker2_categories_advantages'][$moneymaker2_rand];
							unset($data['moneymaker2_categories_advantages'][$moneymaker2_rand]);
							$data['moneymaker2_categories_advantages'] = array_values($data['moneymaker2_categories_advantages']);
							$moneymaker2_rand = mt_rand(0, count($data['moneymaker2_categories_advantages']) - 1);
							$data['moneymaker2_categories_advantages_r'] = $data['moneymaker2_categories_advantages'][$moneymaker2_rand];
						} else {
							$data['moneymaker2_categories_advantages_l'] = isset($data['moneymaker2_categories_advantages'][0]) ? $data['moneymaker2_categories_advantages'][0] : null;
							$data['moneymaker2_categories_advantages_r'] = isset($data['moneymaker2_categories_advantages'][1]) ? $data['moneymaker2_categories_advantages'][1] : null;
						}
				} else {
					$data['moneymaker2_categories_advantages_l'] = null;
					$data['moneymaker2_categories_advantages_r'] = null;
				}
			}
			$data['moneymaker2_catalog_home_advantages_text'] = $this->config->get('moneymaker2_catalog_home_advantages_text');
			$data['moneymaker2_catalog_home_advantages_text'] = isset($data['moneymaker2_catalog_home_advantages_text'][$this->config->get('config_language_id')]) ? html_entity_decode($data['moneymaker2_catalog_home_advantages_text'][$this->config->get('config_language_id')], ENT_QUOTES, 'UTF-8') : null;
			$data['moneymaker2_categories_advantageslinks'] = array();
			$moneymaker2_categories_advantageslinks = $this->config->get('moneymaker2_categories_advantageslinks');
			if (!empty($moneymaker2_categories_advantageslinks)){
				foreach ($moneymaker2_categories_advantageslinks as $key => $value) {
					$data['moneymaker2_categories_advantageslinks'][] = array(
						'caption'  => isset($value['caption'][$this->config->get('config_language_id')]) ? $value['caption'][$this->config->get('config_language_id')] : null,
						'link'  => $value['link'],
						'multilink'  => isset($value['multilink'][$this->config->get('config_language_id')]) ? $value['multilink'][$this->config->get('config_language_id')] : null,
						'icon'  => $value['icon'],
						'sort_order'  => $value['sort_order'],
					);
					$moneymaker2_categories_advantageslinks_sort_order[$key] = $value['sort_order'];
				}
				array_multisort($moneymaker2_categories_advantageslinks_sort_order, SORT_ASC, $data['moneymaker2_categories_advantageslinks']);
			}
			/*mmr*/
			]]></add>
		</operation>
		</file>
	 <file path="catalog/controller/module/product_tab.php">
		<operation error="skip">
				<search><![CDATA[$this->load->model('catalog/product');]]></search>
				<add position="before"><![CDATA[
				/*mmr*/
				$this->load->language('product/product');
				$this->load->language('module/moneymaker2');
				$data['moneymaker2_text_old_price'] = $this->language->get('text_old_price');
				$data['moneymaker2_modules_quickorder_enabled'] = $this->config->get('moneymaker2_modules_quickorder_enabled');
				if ($data['moneymaker2_modules_quickorder_enabled']) {
						$data['moneymaker2_modules_quickorder_display_catalog'] = $this->config->get('moneymaker2_modules_quickorder_display_catalog');
						$data['moneymaker2_modules_quickorder_button_title'] = $this->config->get('moneymaker2_modules_quickorder_button_title');
						$data['moneymaker2_modules_quickorder_button_title'] = isset($data['moneymaker2_modules_quickorder_button_title'][$this->config->get('config_language_id')]) ? $data['moneymaker2_modules_quickorder_button_title'][$this->config->get('config_language_id')] : null;
				}
				$data['moneymaker2_common_buy_hide'] = $this->config->get('moneymaker2_common_buy_hide');
				$data['moneymaker2_common_wishlist_hide'] = $this->config->get('moneymaker2_common_wishlist_hide');
				$data['moneymaker2_common_wishlist_caption'] = $this->config->get('moneymaker2_common_wishlist_caption');
				$data['moneymaker2_common_compare_hide'] = $this->config->get('moneymaker2_common_compare_hide');
				$data['moneymaker2_common_compare_caption'] = $this->config->get('moneymaker2_common_compare_caption');
				$data['moneymaker2_common_cart_outofstock_disabled'] = $this->config->get('moneymaker2_common_cart_outofstock_disabled');
				$data['moneymaker2_common_price_detached'] = $this->config->get('moneymaker2_common_price_detached');
				$data['moneymaker2_stickers_mode'] = $this->config->get('moneymaker2_modules_stickers_mode');
				$data['moneymaker2_stickers_size_catalog'] = $this->config->get('moneymaker2_modules_stickers_size_catalog');
				/*mmr*/
				]]></add>
		</operation>
		</file>
		<file path="catalog/controller/module/product_tab.php">
	 <operation error="skip">
				<search><![CDATA[$data['latest_products'][] = array(]]></search>
				<add position="replace" offset="4"><![CDATA[
				/*mmr*/
				$moneymaker2_stickers = array();
				if ($special) {
						if ($this->config->get('moneymaker2_modules_stickers_specials_enabled')) {
								$moneymaker2_modules_stickers_specials_caption = $this->config->get('moneymaker2_modules_stickers_specials_caption');
								$moneymaker2_modules_stickers_specials_discount = ($this->config->get('moneymaker2_modules_stickers_specials_discount')&&$result['price']>0) ? ($this->config->get('moneymaker2_modules_stickers_specials_discount_mode') ? "-".round(100-(($result['special']/$result['price'])*100))."%" : "-".$this->currency->format((($result['special'])-($result['price']))*(-1))) : '';
								$moneymaker2_stickers[] = array(
										'type' => 'special',
										'icon' => $this->config->get('moneymaker2_modules_stickers_specials_icon'),
										'caption' => $this->config->get('moneymaker2_modules_stickers_specials_discount') ? "<b>".$moneymaker2_modules_stickers_specials_discount."</b> ".(isset($moneymaker2_modules_stickers_specials_caption[$this->config->get('config_language_id')]) ? $moneymaker2_modules_stickers_specials_caption[$this->config->get('config_language_id')] : null) : (isset($moneymaker2_modules_stickers_specials_caption[$this->config->get('config_language_id')]) ? $moneymaker2_modules_stickers_specials_caption[$this->config->get('config_language_id')] : null),
								);
						}
				}
				if ($result['viewed']) {
						if ($this->config->get('moneymaker2_modules_stickers_popular_enabled')) {
								if ($result['viewed']>=$this->config->get('moneymaker2_modules_stickers_popular_limit')) {
										$moneymaker2_modules_stickers_popular_caption = $this->config->get('moneymaker2_modules_stickers_popular_caption');
										$moneymaker2_stickers[] = array(
												'type' => 'popular',
												'icon' => $this->config->get('moneymaker2_modules_stickers_popular_icon'),
												'caption' => isset($moneymaker2_modules_stickers_popular_caption[$this->config->get('config_language_id')]) ? $moneymaker2_modules_stickers_popular_caption[$this->config->get('config_language_id')] : null,
										);
								}
						}
				}
				if ($result['rating']) {
						if ($this->config->get('moneymaker2_modules_stickers_rated_enabled')) {
								if ($result['rating']>=$this->config->get('moneymaker2_modules_stickers_rated_limit')) {
										$moneymaker2_modules_stickers_rated_caption = $this->config->get('moneymaker2_modules_stickers_rated_caption');
										$moneymaker2_stickers[] = array(
												'type' => 'rated',
												'icon' => $this->config->get('moneymaker2_modules_stickers_rated_icon'),
												'caption' => isset($moneymaker2_modules_stickers_rated_caption[$this->config->get('config_language_id')]) ? $moneymaker2_modules_stickers_rated_caption[$this->config->get('config_language_id')] : null,
										);
								}
						}
				}
				if ($result['date_available']) {
						if ($this->config->get('moneymaker2_modules_stickers_new_enabled')) {
								if ((round((strtotime(date("Y-m-d"))-strtotime($result['date_available']))/86400))<=$this->config->get('moneymaker2_modules_stickers_new_limit')) {
										$moneymaker2_modules_stickers_new_caption = $this->config->get('moneymaker2_modules_stickers_new_caption');
										$moneymaker2_stickers[] = array(
												'type' => 'new',
												'icon' => $this->config->get('moneymaker2_modules_stickers_new_icon'),
												'caption' => isset($moneymaker2_modules_stickers_new_caption[$this->config->get('config_language_id')]) ? $moneymaker2_modules_stickers_new_caption[$this->config->get('config_language_id')] : null,
										);
								}
						}
				}
				$moneymaker2_modules_stickers_customs = $this->config->get('moneymaker2_modules_stickers_customs');
				if (!empty($moneymaker2_modules_stickers_customs)){
					foreach ($moneymaker2_modules_stickers_customs as $key => $value) {
						if (isset($result[$value['field']])&&$result[$value['field']]) {
							$moneymaker2_modules_stickers_custom_caption = $value['caption'];
							$moneymaker2_stickers[] = array(
								'type' => 'custom'.$key,
								'icon' => $value['icon'],
								'caption' => isset($value['caption'][$this->config->get('config_language_id')]) ? $value['caption'][$this->config->get('config_language_id')] : null,
							);
						}
					}
				}

				if ($result['quantity'] <= 0) { $moneymaker2_stock = "<span class='stock'><span>" . $result['stock_status'] . "</span></span>"; } else { $moneymaker2_stock = "<span class='stock instock'><!--" . $this->language->get('text_stock') . "--> <span>" . $this->language->get('text_instock') . "</span></span>"; }
				if ($this->config->get('moneymaker2_catalog_products_code_field')&&isset($result[$this->config->get('moneymaker2_catalog_products_code_field')])&&$result[$this->config->get('moneymaker2_catalog_products_code_field')]&&$this->config->get('moneymaker2_modules_bestseller_code')) {$moneymaker2_code = "<span class='code'>".$this->language->get('text_model')." <span>".$result[$this->config->get('moneymaker2_catalog_products_code_field')]."</span></span>";} else {$moneymaker2_code = '';}
				$moneymaker2_addtocart_tooltip = '';
				if ($data['moneymaker2_common_cart_outofstock_disabled']&&$result['quantity'] <= 0) {
						if (!$data['moneymaker2_common_price_detached']) { $moneymaker2_addtocart_tooltip = "<p class='text-muted'>" . $data['button_cart'] . "</p>"; }
						$moneymaker2_addtocart_tooltip .= "<p>".$moneymaker2_stock."</p>";
				} else if (!$data['moneymaker2_common_price_detached']) {
						$moneymaker2_addtocart_tooltip .= "<p>".$data['button_cart']."</p>";
				}
				if ($price&&$special) { $moneymaker2_addtocart_tooltip .= "<p>".$data['moneymaker2_text_old_price']." ".$price."</p>"; }
				$moneymaker2_addtocart_class = 'btn ';
				if ($data['moneymaker2_common_cart_outofstock_disabled']&&$result['quantity'] <= 0) {
						$moneymaker2_addtocart_class .= 'disabled ';
				}
				if (!$special) {
						$moneymaker2_addtocart_class .= 'btn-primary';
				} else {
						$moneymaker2_addtocart_class .= 'btn-danger';
				}
				if ($data['moneymaker2_modules_quickorder_enabled']) {
						$moneymaker2_quickorder_tooltip = '';
						if ($data['moneymaker2_common_cart_outofstock_disabled']&&$result['quantity'] <= 0) {
								$moneymaker2_quickorder_tooltip .= "<p class='text-muted'>" . $data['moneymaker2_modules_quickorder_button_title'] . "</p>";
								$moneymaker2_quickorder_tooltip .= "<p>" . $moneymaker2_stock . "</p>";
						} else {
								$moneymaker2_quickorder_tooltip .= "<p>" . $data['moneymaker2_modules_quickorder_button_title'] . "</p>";
						}
						$moneymaker2_quickorder_class = 'btn btn-default';
						if ($data['moneymaker2_common_cart_outofstock_disabled']&&$result['quantity'] <= 0) {
								$moneymaker2_quickorder_class .= ' disabled';
						}
				}
				$data['latest_products'][] = array(
						'stickers'              => $moneymaker2_stickers,
						'stock'                 => $this->config->get('moneymaker2_modules_bestseller_stock') ? $moneymaker2_stock : '',
						'code'                  => $this->config->get('moneymaker2_modules_bestseller_code') ? $moneymaker2_code : '',
						'sold'                  => $data['moneymaker2_common_cart_outofstock_disabled']&&$result['quantity'] <= 0 ? true : false,
						'quantity'              => $result['quantity'],
						'sort_order'            => $result['sort_order'],
						'review_count'          => $result['reviews'],
						'addtocart_tooltip'     => $moneymaker2_addtocart_tooltip,
						'addtocart_class'       => $moneymaker2_addtocart_class,
						'quickorder_tooltip'    => $data['moneymaker2_modules_quickorder_enabled'] ? $moneymaker2_quickorder_tooltip : '',
						'quickorder_class'      => $data['moneymaker2_modules_quickorder_enabled'] ? $moneymaker2_quickorder_class : '',
						'product_id'  => $result['product_id'],
			'thumb'       => $image,
			'name'        => $result['name'],
			'description' => utf8_substr(strip_tags(html_entity_decode($result['description'], ENT_QUOTES, 'UTF-8')), 0, $this->config->get('config_product_description_length')) . '..',
				/*mmr*/
				]]></add>
		</operation>
		</file>
		 <file path="catalog/controller/module/product_tab.php">
	 <operation error="skip">
				<search><![CDATA[$data['special_products'][] = array(]]></search>
				<add position="replace" offset="4"><![CDATA[
				/*mmr*/
				$moneymaker2_stickers = array();
				if ($special) {
						if ($this->config->get('moneymaker2_modules_stickers_specials_enabled')) {
								$moneymaker2_modules_stickers_specials_caption = $this->config->get('moneymaker2_modules_stickers_specials_caption');
								$moneymaker2_modules_stickers_specials_discount = ($this->config->get('moneymaker2_modules_stickers_specials_discount')&&$result['price']>0) ? ($this->config->get('moneymaker2_modules_stickers_specials_discount_mode') ? "-".round(100-(($result['special']/$result['price'])*100))."%" : "-".$this->currency->format((($result['special'])-($result['price']))*(-1))) : '';
								$moneymaker2_stickers[] = array(
										'type' => 'special',
										'icon' => $this->config->get('moneymaker2_modules_stickers_specials_icon'),
										'caption' => $this->config->get('moneymaker2_modules_stickers_specials_discount') ? "<b>".$moneymaker2_modules_stickers_specials_discount."</b> ".(isset($moneymaker2_modules_stickers_specials_caption[$this->config->get('config_language_id')]) ? $moneymaker2_modules_stickers_specials_caption[$this->config->get('config_language_id')] : null) : (isset($moneymaker2_modules_stickers_specials_caption[$this->config->get('config_language_id')]) ? $moneymaker2_modules_stickers_specials_caption[$this->config->get('config_language_id')] : null),
								);
						}
				}
				if ($result['viewed']) {
						if ($this->config->get('moneymaker2_modules_stickers_popular_enabled')) {
								if ($result['viewed']>=$this->config->get('moneymaker2_modules_stickers_popular_limit')) {
										$moneymaker2_modules_stickers_popular_caption = $this->config->get('moneymaker2_modules_stickers_popular_caption');
										$moneymaker2_stickers[] = array(
												'type' => 'popular',
												'icon' => $this->config->get('moneymaker2_modules_stickers_popular_icon'),
												'caption' => isset($moneymaker2_modules_stickers_popular_caption[$this->config->get('config_language_id')]) ? $moneymaker2_modules_stickers_popular_caption[$this->config->get('config_language_id')] : null,
										);
								}
						}
				}
				if ($result['rating']) {
						if ($this->config->get('moneymaker2_modules_stickers_rated_enabled')) {
								if ($result['rating']>=$this->config->get('moneymaker2_modules_stickers_rated_limit')) {
										$moneymaker2_modules_stickers_rated_caption = $this->config->get('moneymaker2_modules_stickers_rated_caption');
										$moneymaker2_stickers[] = array(
												'type' => 'rated',
												'icon' => $this->config->get('moneymaker2_modules_stickers_rated_icon'),
												'caption' => isset($moneymaker2_modules_stickers_rated_caption[$this->config->get('config_language_id')]) ? $moneymaker2_modules_stickers_rated_caption[$this->config->get('config_language_id')] : null,
										);
								}
						}
				}
				if ($result['date_available']) {
						if ($this->config->get('moneymaker2_modules_stickers_new_enabled')) {
								if ((round((strtotime(date("Y-m-d"))-strtotime($result['date_available']))/86400))<=$this->config->get('moneymaker2_modules_stickers_new_limit')) {
										$moneymaker2_modules_stickers_new_caption = $this->config->get('moneymaker2_modules_stickers_new_caption');
										$moneymaker2_stickers[] = array(
												'type' => 'new',
												'icon' => $this->config->get('moneymaker2_modules_stickers_new_icon'),
												'caption' => isset($moneymaker2_modules_stickers_new_caption[$this->config->get('config_language_id')]) ? $moneymaker2_modules_stickers_new_caption[$this->config->get('config_language_id')] : null,
										);
								}
						}
				}
				$moneymaker2_modules_stickers_customs = $this->config->get('moneymaker2_modules_stickers_customs');
				if (!empty($moneymaker2_modules_stickers_customs)){
					foreach ($moneymaker2_modules_stickers_customs as $key => $value) {
						if (isset($result[$value['field']])&&$result[$value['field']]) {
							$moneymaker2_modules_stickers_custom_caption = $value['caption'];
							$moneymaker2_stickers[] = array(
								'type' => 'custom'.$key,
								'icon' => $value['icon'],
								'caption' => isset($value['caption'][$this->config->get('config_language_id')]) ? $value['caption'][$this->config->get('config_language_id')] : null,
							);
						}
					}
				}

				if ($result['quantity'] <= 0) { $moneymaker2_stock = "<span class='stock'><span>" . $result['stock_status'] . "</span></span>"; } else { $moneymaker2_stock = "<span class='stock instock'><!--" . $this->language->get('text_stock') . "--> <span>" . $this->language->get('text_instock') . "</span></span>"; }
				if ($this->config->get('moneymaker2_catalog_products_code_field')&&isset($result[$this->config->get('moneymaker2_catalog_products_code_field')])&&$result[$this->config->get('moneymaker2_catalog_products_code_field')]&&$this->config->get('moneymaker2_modules_bestseller_code')) {$moneymaker2_code = "<span class='code'>".$this->language->get('text_model')." <span>".$result[$this->config->get('moneymaker2_catalog_products_code_field')]."</span></span>";} else {$moneymaker2_code = '';}
				$moneymaker2_addtocart_tooltip = '';
				if ($data['moneymaker2_common_cart_outofstock_disabled']&&$result['quantity'] <= 0) {
						if (!$data['moneymaker2_common_price_detached']) { $moneymaker2_addtocart_tooltip = "<p class='text-muted'>" . $data['button_cart'] . "</p>"; }
						$moneymaker2_addtocart_tooltip .= "<p>".$moneymaker2_stock."</p>";
				} else if (!$data['moneymaker2_common_price_detached']) {
						$moneymaker2_addtocart_tooltip .= "<p>".$data['button_cart']."</p>";
				}
				if ($price&&$special) { $moneymaker2_addtocart_tooltip .= "<p>".$data['moneymaker2_text_old_price']." ".$price."</p>"; }
				$moneymaker2_addtocart_class = 'btn ';
				if ($data['moneymaker2_common_cart_outofstock_disabled']&&$result['quantity'] <= 0) {
						$moneymaker2_addtocart_class .= 'disabled ';
				}
				if (!$special) {
						$moneymaker2_addtocart_class .= 'btn-primary';
				} else {
						$moneymaker2_addtocart_class .= 'btn-danger';
				}
				if ($data['moneymaker2_modules_quickorder_enabled']) {
						$moneymaker2_quickorder_tooltip = '';
						if ($data['moneymaker2_common_cart_outofstock_disabled']&&$result['quantity'] <= 0) {
								$moneymaker2_quickorder_tooltip .= "<p class='text-muted'>" . $data['moneymaker2_modules_quickorder_button_title'] . "</p>";
								$moneymaker2_quickorder_tooltip .= "<p>" . $moneymaker2_stock . "</p>";
						} else {
								$moneymaker2_quickorder_tooltip .= "<p>" . $data['moneymaker2_modules_quickorder_button_title'] . "</p>";
						}
						$moneymaker2_quickorder_class = 'btn btn-default';
						if ($data['moneymaker2_common_cart_outofstock_disabled']&&$result['quantity'] <= 0) {
								$moneymaker2_quickorder_class .= ' disabled';
						}
				}
				$data['special_products'][] = array(
						'stickers'              => $moneymaker2_stickers,
						'stock'                 => $this->config->get('moneymaker2_modules_bestseller_stock') ? $moneymaker2_stock : '',
						'code'                  => $this->config->get('moneymaker2_modules_bestseller_code') ? $moneymaker2_code : '',
						'sold'                  => $data['moneymaker2_common_cart_outofstock_disabled']&&$result['quantity'] <= 0 ? true : false,
						'quantity'              => $result['quantity'],
						'sort_order'            => $result['sort_order'],
						'review_count'          => $result['reviews'],
						'addtocart_tooltip'     => $moneymaker2_addtocart_tooltip,
						'addtocart_class'       => $moneymaker2_addtocart_class,
						'quickorder_tooltip'    => $data['moneymaker2_modules_quickorder_enabled'] ? $moneymaker2_quickorder_tooltip : '',
						'quickorder_class'      => $data['moneymaker2_modules_quickorder_enabled'] ? $moneymaker2_quickorder_class : '',
						'product_id'  => $result['product_id'],
			'thumb'       => $image,
			'name'        => $result['name'],
			'description' => utf8_substr(strip_tags(html_entity_decode($result['description'], ENT_QUOTES, 'UTF-8')), 0, $this->config->get('config_product_description_length')) . '..',
				/*mmr*/
				]]></add>
		</operation>
		</file>
		<file path="catalog/controller/module/product_tab.php">
	 <operation error="skip">
				<search><![CDATA[$data['bestseller_products'][] = array(]]></search>
				<add position="replace" offset="4"><![CDATA[
				/*mmr*/
				$moneymaker2_stickers = array();
				if ($special) {
						if ($this->config->get('moneymaker2_modules_stickers_specials_enabled')) {
								$moneymaker2_modules_stickers_specials_caption = $this->config->get('moneymaker2_modules_stickers_specials_caption');
								$moneymaker2_modules_stickers_specials_discount = ($this->config->get('moneymaker2_modules_stickers_specials_discount')&&$result['price']>0) ? ($this->config->get('moneymaker2_modules_stickers_specials_discount_mode') ? "-".round(100-(($result['special']/$result['price'])*100))."%" : "-".$this->currency->format((($result['special'])-($result['price']))*(-1))) : '';
								$moneymaker2_stickers[] = array(
										'type' => 'special',
										'icon' => $this->config->get('moneymaker2_modules_stickers_specials_icon'),
										'caption' => $this->config->get('moneymaker2_modules_stickers_specials_discount') ? "<b>".$moneymaker2_modules_stickers_specials_discount."</b> ".(isset($moneymaker2_modules_stickers_specials_caption[$this->config->get('config_language_id')]) ? $moneymaker2_modules_stickers_specials_caption[$this->config->get('config_language_id')] : null) : (isset($moneymaker2_modules_stickers_specials_caption[$this->config->get('config_language_id')]) ? $moneymaker2_modules_stickers_specials_caption[$this->config->get('config_language_id')] : null),
								);
						}
				}
				if ($result['viewed']) {
						if ($this->config->get('moneymaker2_modules_stickers_popular_enabled')) {
								if ($result['viewed']>=$this->config->get('moneymaker2_modules_stickers_popular_limit')) {
										$moneymaker2_modules_stickers_popular_caption = $this->config->get('moneymaker2_modules_stickers_popular_caption');
										$moneymaker2_stickers[] = array(
												'type' => 'popular',
												'icon' => $this->config->get('moneymaker2_modules_stickers_popular_icon'),
												'caption' => isset($moneymaker2_modules_stickers_popular_caption[$this->config->get('config_language_id')]) ? $moneymaker2_modules_stickers_popular_caption[$this->config->get('config_language_id')] : null,
										);
								}
						}
				}
				if ($result['rating']) {
						if ($this->config->get('moneymaker2_modules_stickers_rated_enabled')) {
								if ($result['rating']>=$this->config->get('moneymaker2_modules_stickers_rated_limit')) {
										$moneymaker2_modules_stickers_rated_caption = $this->config->get('moneymaker2_modules_stickers_rated_caption');
										$moneymaker2_stickers[] = array(
												'type' => 'rated',
												'icon' => $this->config->get('moneymaker2_modules_stickers_rated_icon'),
												'caption' => isset($moneymaker2_modules_stickers_rated_caption[$this->config->get('config_language_id')]) ? $moneymaker2_modules_stickers_rated_caption[$this->config->get('config_language_id')] : null,
										);
								}
						}
				}
				if ($result['date_available']) {
						if ($this->config->get('moneymaker2_modules_stickers_new_enabled')) {
								if ((round((strtotime(date("Y-m-d"))-strtotime($result['date_available']))/86400))<=$this->config->get('moneymaker2_modules_stickers_new_limit')) {
										$moneymaker2_modules_stickers_new_caption = $this->config->get('moneymaker2_modules_stickers_new_caption');
										$moneymaker2_stickers[] = array(
												'type' => 'new',
												'icon' => $this->config->get('moneymaker2_modules_stickers_new_icon'),
												'caption' => isset($moneymaker2_modules_stickers_new_caption[$this->config->get('config_language_id')]) ? $moneymaker2_modules_stickers_new_caption[$this->config->get('config_language_id')] : null,
										);
								}
						}
				}
				$moneymaker2_modules_stickers_customs = $this->config->get('moneymaker2_modules_stickers_customs');
				if (!empty($moneymaker2_modules_stickers_customs)){
					foreach ($moneymaker2_modules_stickers_customs as $key => $value) {
						if (isset($result[$value['field']])&&$result[$value['field']]) {
							$moneymaker2_modules_stickers_custom_caption = $value['caption'];
							$moneymaker2_stickers[] = array(
								'type' => 'custom'.$key,
								'icon' => $value['icon'],
								'caption' => isset($value['caption'][$this->config->get('config_language_id')]) ? $value['caption'][$this->config->get('config_language_id')] : null,
							);
						}
					}
				}

				if ($result['quantity'] <= 0) { $moneymaker2_stock = "<span class='stock'><span>" . $result['stock_status'] . "</span></span>"; } else { $moneymaker2_stock = "<span class='stock instock'><!--" . $this->language->get('text_stock') . "--> <span>" . $this->language->get('text_instock') . "</span></span>"; }
				if ($this->config->get('moneymaker2_catalog_products_code_field')&&isset($result[$this->config->get('moneymaker2_catalog_products_code_field')])&&$result[$this->config->get('moneymaker2_catalog_products_code_field')]&&$this->config->get('moneymaker2_modules_bestseller_code')) {$moneymaker2_code = "<span class='code'>".$this->language->get('text_model')." <span>".$result[$this->config->get('moneymaker2_catalog_products_code_field')]."</span></span>";} else {$moneymaker2_code = '';}
				$moneymaker2_addtocart_tooltip = '';
				if ($data['moneymaker2_common_cart_outofstock_disabled']&&$result['quantity'] <= 0) {
						if (!$data['moneymaker2_common_price_detached']) { $moneymaker2_addtocart_tooltip = "<p class='text-muted'>" . $data['button_cart'] . "</p>"; }
						$moneymaker2_addtocart_tooltip .= "<p>".$moneymaker2_stock."</p>";
				} else if (!$data['moneymaker2_common_price_detached']) {
						$moneymaker2_addtocart_tooltip .= "<p>".$data['button_cart']."</p>";
				}
				if ($price&&$special) { $moneymaker2_addtocart_tooltip .= "<p>".$data['moneymaker2_text_old_price']." ".$price."</p>"; }
				$moneymaker2_addtocart_class = 'btn ';
				if ($data['moneymaker2_common_cart_outofstock_disabled']&&$result['quantity'] <= 0) {
						$moneymaker2_addtocart_class .= 'disabled ';
				}
				if (!$special) {
						$moneymaker2_addtocart_class .= 'btn-primary';
				} else {
						$moneymaker2_addtocart_class .= 'btn-danger';
				}
				if ($data['moneymaker2_modules_quickorder_enabled']) {
						$moneymaker2_quickorder_tooltip = '';
						if ($data['moneymaker2_common_cart_outofstock_disabled']&&$result['quantity'] <= 0) {
								$moneymaker2_quickorder_tooltip .= "<p class='text-muted'>" . $data['moneymaker2_modules_quickorder_button_title'] . "</p>";
								$moneymaker2_quickorder_tooltip .= "<p>" . $moneymaker2_stock . "</p>";
						} else {
								$moneymaker2_quickorder_tooltip .= "<p>" . $data['moneymaker2_modules_quickorder_button_title'] . "</p>";
						}
						$moneymaker2_quickorder_class = 'btn btn-default';
						if ($data['moneymaker2_common_cart_outofstock_disabled']&&$result['quantity'] <= 0) {
								$moneymaker2_quickorder_class .= ' disabled';
						}
				}
				$data['bestseller_products'][] = array(
						'stickers'              => $moneymaker2_stickers,
						'stock'                 => $this->config->get('moneymaker2_modules_bestseller_stock') ? $moneymaker2_stock : '',
						'code'                  => $this->config->get('moneymaker2_modules_bestseller_code') ? $moneymaker2_code : '',
						'sold'                  => $data['moneymaker2_common_cart_outofstock_disabled']&&$result['quantity'] <= 0 ? true : false,
						'quantity'              => $result['quantity'],
						'sort_order'            => $result['sort_order'],
						'review_count'          => $result['reviews'],
						'addtocart_tooltip'     => $moneymaker2_addtocart_tooltip,
						'addtocart_class'       => $moneymaker2_addtocart_class,
						'quickorder_tooltip'    => $data['moneymaker2_modules_quickorder_enabled'] ? $moneymaker2_quickorder_tooltip : '',
						'quickorder_class'      => $data['moneymaker2_modules_quickorder_enabled'] ? $moneymaker2_quickorder_class : '',
						'product_id'  => $result['product_id'],
			'thumb'       => $image,
			'name'        => $result['name'],
			'description' => utf8_substr(strip_tags(html_entity_decode($result['description'], ENT_QUOTES, 'UTF-8')), 0, $this->config->get('config_product_description_length')) . '..',
				/*mmr*/
				]]></add>
		</operation>
		</file>
		<file path="catalog/controller/module/product_tab.php">
	 <operation error="skip">
				<search><![CDATA[$data['featured_products'][] = array(]]></search>
				<add position="replace" offset="4"><![CDATA[
				/*mmr*/
				$moneymaker2_stickers = array();
				if ($special) {
						if ($this->config->get('moneymaker2_modules_stickers_specials_enabled')) {
								$moneymaker2_modules_stickers_specials_caption = $this->config->get('moneymaker2_modules_stickers_specials_caption');
								$moneymaker2_modules_stickers_specials_discount = ($this->config->get('moneymaker2_modules_stickers_specials_discount')&&$product_info['price']>0) ? ($this->config->get('moneymaker2_modules_stickers_specials_discount_mode') ? "-".round(100-(($product_info['special']/$product_info['price'])*100))."%" : "-".$this->currency->format((($product_info['special'])-($product_info['price']))*(-1))) : '';
								$moneymaker2_stickers[] = array(
										'type' => 'special',
										'icon' => $this->config->get('moneymaker2_modules_stickers_specials_icon'),
										'caption' => $this->config->get('moneymaker2_modules_stickers_specials_discount') ? "<b>".$moneymaker2_modules_stickers_specials_discount."</b> ".(isset($moneymaker2_modules_stickers_specials_caption[$this->config->get('config_language_id')]) ? $moneymaker2_modules_stickers_specials_caption[$this->config->get('config_language_id')] : null) : (isset($moneymaker2_modules_stickers_specials_caption[$this->config->get('config_language_id')]) ? $moneymaker2_modules_stickers_specials_caption[$this->config->get('config_language_id')] : null),
								);
						}
				}
				if ($product_info['viewed']) {
						if ($this->config->get('moneymaker2_modules_stickers_popular_enabled')) {
								if ($product_info['viewed']>=$this->config->get('moneymaker2_modules_stickers_popular_limit')) {
										$moneymaker2_modules_stickers_popular_caption = $this->config->get('moneymaker2_modules_stickers_popular_caption');
										$moneymaker2_stickers[] = array(
												'type' => 'popular',
												'icon' => $this->config->get('moneymaker2_modules_stickers_popular_icon'),
												'caption' => isset($moneymaker2_modules_stickers_popular_caption[$this->config->get('config_language_id')]) ? $moneymaker2_modules_stickers_popular_caption[$this->config->get('config_language_id')] : null,
										);
								}
						}
				}
				if ($product_info['rating']) {
						if ($this->config->get('moneymaker2_modules_stickers_rated_enabled')) {
								if ($product_info['rating']>=$this->config->get('moneymaker2_modules_stickers_rated_limit')) {
										$moneymaker2_modules_stickers_rated_caption = $this->config->get('moneymaker2_modules_stickers_rated_caption');
										$moneymaker2_stickers[] = array(
												'type' => 'rated',
												'icon' => $this->config->get('moneymaker2_modules_stickers_rated_icon'),
												'caption' => isset($moneymaker2_modules_stickers_rated_caption[$this->config->get('config_language_id')]) ? $moneymaker2_modules_stickers_rated_caption[$this->config->get('config_language_id')] : null,
										);
								}
						}
				}
				if ($product_info['date_available']) {
						if ($this->config->get('moneymaker2_modules_stickers_new_enabled')) {
								if ((round((strtotime(date("Y-m-d"))-strtotime($product_info['date_available']))/86400))<=$this->config->get('moneymaker2_modules_stickers_new_limit')) {
										$moneymaker2_modules_stickers_new_caption = $this->config->get('moneymaker2_modules_stickers_new_caption');
										$moneymaker2_stickers[] = array(
												'type' => 'new',
												'icon' => $this->config->get('moneymaker2_modules_stickers_new_icon'),
												'caption' => isset($moneymaker2_modules_stickers_new_caption[$this->config->get('config_language_id')]) ? $moneymaker2_modules_stickers_new_caption[$this->config->get('config_language_id')] : null,
										);
								}
						}
				}
				$moneymaker2_modules_stickers_customs = $this->config->get('moneymaker2_modules_stickers_customs');
				if (!empty($moneymaker2_modules_stickers_customs)){
					foreach ($moneymaker2_modules_stickers_customs as $key => $value) {
						if (isset($product_info[$value['field']])&&$product_info[$value['field']]) {
							$moneymaker2_modules_stickers_custom_caption = $value['caption'];
							$moneymaker2_stickers[] = array(
								'type' => 'custom'.$key,
								'icon' => $value['icon'],
								'caption' => isset($value['caption'][$this->config->get('config_language_id')]) ? $value['caption'][$this->config->get('config_language_id')] : null,
							);
						}
					}
				}

				if ($product_info['quantity'] <= 0) { $moneymaker2_stock = "<span class='stock'><span>" . $product_info['stock_status'] . "</span></span>"; } else { $moneymaker2_stock = "<span class='stock instock'><!--" . $this->language->get('text_stock') . "--> <span>" . $this->language->get('text_instock') . "</span></span>"; }
				if ($this->config->get('moneymaker2_catalog_products_code_field')&&isset($product_info[$this->config->get('moneymaker2_catalog_products_code_field')])&&$product_info[$this->config->get('moneymaker2_catalog_products_code_field')]&&$this->config->get('moneymaker2_modules_bestseller_code')) {$moneymaker2_code = "<span class='code'>".$this->language->get('text_model')." <span>".$product_info[$this->config->get('moneymaker2_catalog_products_code_field')]."</span></span>";} else {$moneymaker2_code = '';}
				$moneymaker2_addtocart_tooltip = '';
				if ($data['moneymaker2_common_cart_outofstock_disabled']&&$product_info['quantity'] <= 0) {
						if (!$data['moneymaker2_common_price_detached']) { $moneymaker2_addtocart_tooltip = "<p class='text-muted'>" . $data['button_cart'] . "</p>"; }
						$moneymaker2_addtocart_tooltip .= "<p>".$moneymaker2_stock."</p>";
				} else if (!$data['moneymaker2_common_price_detached']) {
						$moneymaker2_addtocart_tooltip .= "<p>".$data['button_cart']."</p>";
				}
				if ($price&&$special) { $moneymaker2_addtocart_tooltip .= "<p>".$data['moneymaker2_text_old_price']." ".$price."</p>"; }
				$moneymaker2_addtocart_class = 'btn ';
				if ($data['moneymaker2_common_cart_outofstock_disabled']&&$product_info['quantity'] <= 0) {
						$moneymaker2_addtocart_class .= 'disabled ';
				}
				if (!$special) {
						$moneymaker2_addtocart_class .= 'btn-primary';
				} else {
						$moneymaker2_addtocart_class .= 'btn-danger';
				}
				if ($data['moneymaker2_modules_quickorder_enabled']) {
						$moneymaker2_quickorder_tooltip = '';
						if ($data['moneymaker2_common_cart_outofstock_disabled']&&$product_info['quantity'] <= 0) {
								$moneymaker2_quickorder_tooltip .= "<p class='text-muted'>" . $data['moneymaker2_modules_quickorder_button_title'] . "</p>";
								$moneymaker2_quickorder_tooltip .= "<p>" . $moneymaker2_stock . "</p>";
						} else {
								$moneymaker2_quickorder_tooltip .= "<p>" . $data['moneymaker2_modules_quickorder_button_title'] . "</p>";
						}
						$moneymaker2_quickorder_class = 'btn btn-default';
						if ($data['moneymaker2_common_cart_outofstock_disabled']&&$product_info['quantity'] <= 0) {
								$moneymaker2_quickorder_class .= ' disabled';
						}
				}
				$data['featured_products'][] = array(
						'stickers'              => $moneymaker2_stickers,
						'stock'                 => $this->config->get('moneymaker2_modules_bestseller_stock') ? $moneymaker2_stock : '',
						'code'                  => $this->config->get('moneymaker2_modules_bestseller_code') ? $moneymaker2_code : '',
						'sold'                  => $data['moneymaker2_common_cart_outofstock_disabled']&&$product_info['quantity'] <= 0 ? true : false,
						'quantity'              => $product_info['quantity'],
						'sort_order'            => $product_info['sort_order'],
						'review_count'          => $product_info['reviews'],
						'addtocart_tooltip'     => $moneymaker2_addtocart_tooltip,
						'addtocart_class'       => $moneymaker2_addtocart_class,
						'quickorder_tooltip'    => $data['moneymaker2_modules_quickorder_enabled'] ? $moneymaker2_quickorder_tooltip : '',
						'quickorder_class'      => $data['moneymaker2_modules_quickorder_enabled'] ? $moneymaker2_quickorder_class : '',
						'product_id'  => $product_info['product_id'],
			'thumb'       => $image,
			'name'        => $product_info['name'],
			'description' => utf8_substr(strip_tags(html_entity_decode($product_info['description'], ENT_QUOTES, 'UTF-8')), 0, $this->config->get('config_product_description_length')) . '..',
				/*mmr*/
				]]></add>
		</operation>
		</file>

		 <file path="catalog/controller/information/information.php">
		<operation>
				<search><![CDATA[$data['button_continue'] = $this->language->get('button_continue');]]></search>
				<add position="after"><![CDATA[
				/*mmr*/
				$data['moneymaker2_common_informations_icons_enabled'] = $this->config->get('moneymaker2_common_informations_icons_enabled');
				$data['moneymaker2_common_informations_icons'] = $this->config->get('moneymaker2_common_informations_icons');
				if ($data['moneymaker2_common_informations_icons_enabled']&&isset($data['moneymaker2_common_informations_icons'][$information_id])&&$data['moneymaker2_common_informations_icons'][$information_id]!='-') {
						$data['information_icon'] = $data['moneymaker2_common_informations_icons'][$information_id];
				} else {
						$data['information_icon'] = false;
				}
				/*mmr*/
				]]></add>
		</operation>
		</file>
</modification>