<modification>
    <id>Moneymaker Template - Seocmspro Module Adaptation New</id>
    <version>1.2.0</version>
    <vqmver>2.3</vqmver>
    <author>RGB</author>
    <file name="catalog/controller/record/record.php">
        <!-- savings -->
        <operation>
            <search position="before">
                <![CDATA[$this->data['products'][] = array(]]>
            </search>
            <add>
                <![CDATA[
                if ((float)$result['special']) {
				    $mmr_savings = $this->currency->format((($result['special'])-($result['price']))*(-1));
			    } else {
				    $mmr_savings = false;
			    }
                ]]>
            </add>
        </operation>
        <!-- in stock text -->
        <operation>
            <search position="before">
                <![CDATA[$this->language->load('seocms/record');]]>
            </search>
            <add>
                <![CDATA[$this->language->load('product/product');]]>
            </add>
        </operation>
        <!-- additional fields -->
        <operation>
            <search position="after"><![CDATA[$this->data['products'][] = array(]]></search>
            <add><![CDATA[
                'description' => $this->config->get('mmr_common_catalog_descriptions_enabled') ? utf8_substr(strip_tags(html_entity_decode($product_info['description'], ENT_QUOTES, 'UTF-8')), 0, $this->config->get('mmr_common_descriptions_limit')) . '..' : 0,
                'attribute_groups' => $this->config->get('mmr_common_catalog_attributes_enabled') ? $this->model_catalog_product->getProductAttributes($result['product_id']) : 0,
                'model'   => $result['model'],
                'sku'   => $result['sku'],
                'upc'   => $result['upc'],
                'jan'   => $result['jan'],
                'ean'   => $result['ean'],
                'isbn'  => $result['isbn'],
                'mpn'   => $result['mpn'],
                'viewed'=> $result['viewed'],
                'meta_description'=> $this->config->get('mmr_common_catalog_metadescriptions_enabled') ? $result['meta_description'] : 0,
                'date_available'=> $result['date_available'],
                'quantity'=> $result['quantity'],
                'stock'=> ($result['quantity']<=0) ? $result['stock_status'] : $this->language->get('text_instock'),
                'mmr_savings'=> $mmr_savings,
                ]]></add>
        </operation>
        <!-- remove unused elements -->
        <operation>
            <search position="replace"><![CDATA['description' 	=> $description . '..',]]></search>
            <add><![CDATA[]]></add>
        </operation>
        <operation>
            <search position="replace"><![CDATA['stickers'    	=> $this->data['moneymaker2_stickers'],]]></search>
            <add><![CDATA[]]></add>
        </operation>
    </file>
</modification>