<modification>
    <id>Moneymaker Template - Carousel All Module Adaptation</id>
    <version>1.1.8</version>
    <vqmver>2.3</vqmver>
    <author>RGB</author>

    <file name="catalog/controller/module/caurusel_all.php">
        <!-- savings (featured) -->
        <operation>
            <search position="before">
                <![CDATA[if ($product_info['minimum']) {]]>
            </search>
            <add>
                <![CDATA[
                if ((float)$product_info['special']) {
				    $mmr_savings = $this->currency->format((($product_info['special'])-($product_info['price']))*(-1));
			    } else {
				    $mmr_savings = false;
			    }
                ]]>
            </add>
        </operation>
        <!-- savings (category) -->
        <operation>
            <search position="before">
                <![CDATA[if ($result['minimum']) {]]>
            </search>
            <add>
                <![CDATA[
                if ((float)$result['special']) {
				    $mmr_savings = $this->currency->format((($result['special'])-($result['price']))*(-1));
			    } else {
				    $mmr_savings = false;
			    }
                ]]>
            </add>
        </operation>
        <!-- in stock text -->
        <operation>
            <search position="before">
                <![CDATA[$this->load->model('caurusel_all/model');]]>
            </search>
            <add>
                <![CDATA[$this->language->load('product/product');]]>
            </add>
        </operation>
        <!-- remove native attributes before additional fields -->
        <operation>
            <search position="replace"><![CDATA['attribute_groups' => $this->model_catalog_product->getProductAttributes($product_info['product_id']),]]></search>
            <add><![CDATA[]]></add>
        </operation>
        <operation>
            <search position="replace"><![CDATA['attribute_groups' => $this->model_catalog_product->getProductAttributes($result['product_id']),]]></search>
            <add><![CDATA[]]></add>
        </operation>
        <!-- additional fields -->
        <operation>
            <search position="before"><![CDATA['product_id' => $result['product_id'],]]></search>
            <add><![CDATA[
                'attribute_groups' => $this->config->get('mmr_common_catalog_attributes_enabled') ? $this->model_catalog_product->getProductAttributes($result['product_id']) : 0,
                'model'   => $result['model'],
                'sku'   => $result['sku'],
                'upc'   => $result['upc'],
                'jan'   => $result['jan'],
                'ean'   => $result['ean'],
                'isbn'  => $result['isbn'],
                'mpn'   => $result['mpn'],
                'viewed'=> $result['viewed'],
                'meta_description'=> $this->config->get('mmr_common_catalog_metadescriptions_enabled') ? $result['meta_description'] : 0,
                'date_available'=> $result['date_available'],
                'quantity'=> $result['quantity'],
                'stock'=> ($result['quantity']<=0) ? $result['stock_status'] : $this->language->get('text_instock'),
                'mmr_savings'=> $mmr_savings,
                ]]></add>
        </operation>
        <operation>
            <search position="before"><![CDATA['product_id' => $product_info['product_id'],]]></search>
            <add><![CDATA[
                'attribute_groups' => $this->config->get('mmr_common_catalog_attributes_enabled') ? $this->model_catalog_product->getProductAttributes($product_info['product_id']) : 0,
                'model'   => $product_info['model'],
                'sku'   => $product_info['sku'],
                'upc'   => $product_info['upc'],
                'jan'   => $product_info['jan'],
                'ean'   => $product_info['ean'],
                'isbn'  => $product_info['isbn'],
                'mpn'   => $product_info['mpn'],
                'viewed'=> $product_info['viewed'],
                'meta_description'=> $this->config->get('mmr_common_catalog_metadescriptions_enabled') ? $product_info['meta_description'] : 0,
                'date_available'=> $product_info['date_available'],
                'quantity'=> $product_info['quantity'],
                'stock'=> ($product_info['quantity']<=0) ? $product_info['stock_status'] : $this->language->get('text_instock'),
                'mmr_savings'=> $mmr_savings,
                ]]></add>
        </operation>
        <!-- description -->
        <operation>
            <search position="replace"><![CDATA['description' => mb_substr(strip_tags(html_entity_decode($product_info['description'], ENT_QUOTES, 'UTF-8')), 0, 250) . '..',]]></search>
            <add><![CDATA['description' => $this->config->get('mmr_common_catalog_descriptions_enabled') ? utf8_substr(strip_tags(html_entity_decode($product_info['description'], ENT_QUOTES, 'UTF-8')), 0, $this->config->get('mmr_common_descriptions_limit')) . '..' : 0,]]></add>
        </operation>
        <operation>
            <search position="replace"><![CDATA['description' => mb_substr(strip_tags(html_entity_decode($result['description'], ENT_QUOTES, 'UTF-8')), 0, 250) . '..',]]></search>
            <add><![CDATA['description' => $this->config->get('mmr_common_catalog_descriptions_enabled') ? utf8_substr(strip_tags(html_entity_decode($result['description'], ENT_QUOTES, 'UTF-8')), 0, $this->config->get('mmr_common_descriptions_limit')) . '..' : 0,]]></add>
        </operation>
        <!-- product no_image -->
        <operation error="skip">
            <search position="replace"><![CDATA[$image = false;]]></search>
            <add><![CDATA[$image = $this->model_tool_image->resize('no_image.jpg', $setting['image_width'], $setting['image_height']);]]></add>
        </operation>
    </file>

</modification>