<?xml version="1.0" encoding="UTF-8"?>
<modification>
<name>Moneymaker 2 Adaptation - Quantity +/- on any page with min/max control</name>
<code>Quantity +/- on any page with min/max control</code>
<version>Pro v1.0</version>
<author>sergey@oc-dev.ru, RGB</author>

<file path="catalog/controller/product/{category,search,special,manufacturer,latest,bestseller,mostviewed}*.php">
	<operation>
	<search><![CDATA[$result['product_id'],]]></search>
	<add position="after" error="skip"><![CDATA[ 
	'quantity' 		=> $result['quantity'],
	'min_quantity'	=> $result['minimum'],
	'price_value'   => $result['price'],
    'special_value' => $result['special'],
	]]></add>
	</operation>
	<operation>
	<search><![CDATA[$product_info['product_id'],]]></search>
	<add position="after" error="skip"><![CDATA[ 
	'quantity' 		=> $product_info['quantity'],
	'min_quantity'	=> $product_info['minimum'],
	'price_value'   => $product_info['price'],
    'special_value' => $product_info['special'],
	]]></add>
	</operation>
</file>


<file path="catalog/controller/common/footer.php">
	<operation>
	<search><![CDATA[ $this->load->model('catalog/information'); ]]></search>
	<add position="before" error="skip">
    <![CDATA[
	$this->document->addStyle('catalog/view/javascript/quantity_control/quantity_control.css?v=1.0');
	$this->document->addScript('catalog/view/javascript/quantity_control/quantity_control.js?v=1.0');
    $var_currency = array();
    $var_currency['value'] = $this->currency->getValue($this->session->data['currency']);
    $var_currency['symbol_left'] = $this->currency->getSymbolLeft($this->session->data['currency']);
    $var_currency['symbol_right'] = $this->currency->getSymbolRight($this->session->data['currency']);
    $var_currency['decimals'] = $this->currency->getDecimalPlace($this->session->data['currency']);
    $var_currency['decimal_point'] = $this->language->get('decimal_point');
    $var_currency['thousand_point'] = $this->language->get('thousand_point');
    $data['currency'] = $var_currency;
	$data['config_stock'] = $this->config->get('config_stock_checkout');
    ]]>
    </add>
	</operation>
</file>
	
<file path="catalog/view/theme/moneymaker2/template/product/{category,search,special,manufacturer}*.tpl">
	<operation>
	<search><![CDATA[<div class="additional"><?php echo $product['stock']; ?>]]></search>
	<add position="before" error="skip"><![CDATA[
	<div class="btn-group btn-group-sm quantity_div"><button type="button" class="btn btn-link" onclick="quantity_control('<?php echo $product['product_id']; ?>', '<?php echo $product['min_quantity']; ?>', '<?php echo $product['quantity']; ?>', '-')"><i class="fa fa-fw">&ndash;</i></button><input type="text" data-maximum="<?php echo $product['quantity']; ?>" name="quantity" value="<?php echo $product['min_quantity']; ?>" data-id="<?php echo $product['product_id']; ?>" size="2" class="form-control quantity_input p_q_<?php echo $product['product_id']; ?>" oninput="all_inputs();"><button type="button" class="btn btn-link" onclick="quantity_control('<?php echo $product['product_id']; ?>', '<?php echo $product['min_quantity']; ?>', '<?php echo $product['quantity']; ?>', '+')"><i class="fa fa-fw">+</i></button><div class="stock_warning s_w_<?php echo $product['product_id']; ?>"></div></div>
	]]></add>
	</operation>
	<operation>
	<search><![CDATA[cart.add('<?php echo $product['product_id']; ?>', '<?php echo $product['minimum']; ?>')]]></search>
	<add position="replace" error="skip"><![CDATA[cart.add('<?php echo $product['product_id']; ?>', $(this).parent().parent().parent().find('.quantity_input').val())]]></add>
	</operation>

	<operation>
    <search><![CDATA["><?php if (!$product['special']) { ?><?php echo $product['price']; ?>]]></search>
    <add position="replace" error="skip"><![CDATA["><?php if (!$product['special']) { ?><span class="price_<?php echo $product['product_id']; ?>" data-price="<?php echo $product['price_value']; ?>"><?php echo $product['price']; /**/ ?></span>]]></add>
    </operation>

	<operation>
    <search><![CDATA[<span class="price-old"><?php echo $product['price']; ?>]]></search>
    <add position="replace" error="skip"><![CDATA[<span class="price-old"><span class="price_<?php echo $product['product_id']; ?>" data-price="<?php echo $product['price_value']; ?>"><?php echo $product['price']; /**/ ?></span>]]></add>
    </operation>


    <operation>
    <search><![CDATA[<span class="price-new"><?php echo $product['special']; ?>]]></search>
    <add position="replace" error="skip"><![CDATA[<span class="price-new"><span class="special_<?php echo $product['product_id']; ?>" data-price="<?php echo $product['special_value']; ?>"><?php echo $product['special']; /**/ ?></span>]]></add>
    </operation>
    <operation>
    <search><![CDATA[<span class="price-new"><b><?php echo $product['special']; ?>]]></search>
    <add position="replace" error="skip"><![CDATA[<span class="price-new"><b><span class="special_<?php echo $product['product_id']; ?>" data-price="<?php echo $product['special_value']; ?>"><?php echo $product['special']; /**/ ?></span>]]></add>
    </operation>
</file>

<file path="catalog/view/theme/moneymaker2/template/common/footer.tpl">
	<operation>
	<search><![CDATA[</body>]]></search>
	<add position="before" error="skip"><![CDATA[
	<?php if($config_stock) { ?>
		<input type="hidden" name="qcs" value="1" />
	<?php } ?>
	<script>	
	function all_inputs() {
		$('input[name^=quantity]').each(function() {
			var product_id = $(this).attr('data-id');
			var minimum = Number($(this).val());
<?php if($config_stock) { ?>
			var maximum = 9999;
<?php } else { ?>
			var maximum = Number($(this).attr('data-maximum'));
<?php } ?>
			quantity_control(product_id ,minimum, maximum);

			if (minimum > 0) {
				calculate_price(product_id, minimum);
			}
			
			$(this).bind('input', function() {
				var value2 = $(this).val();
				if (~~value2 > maximum) {
					$(this).val(maximum);
					quantity_alert(product_id, maximum);
				}
				calculate_price(product_id, $(this).val())
			});
			
			if(maximum <= 0) {
				$('.p_q_'+ product_id).val('0');
				$('.p_q_'+ product_id).parent().parent().find('.button').attr('disabled', 'disabled');
			}
		});
	}
	
	function price_format(n){ 	
		c = <?php echo (empty($currency['decimals']) ? "0" : $currency['decimals'] ); ?>;
		d = '<?php echo $currency['decimal_point']; ?>';
		t = '<?php echo $currency['thousand_point']; ?>';
		s_left = '<?php echo $currency['symbol_left']; ?>';
		s_right = '<?php echo $currency['symbol_right']; ?>';
		n = n * <?php echo $currency['value']; ?>;
		i = parseInt(n = Math.abs(n).toFixed(c)) + ''; 
		j = ((j = i.length) > 3) ? j % 3 : 0; 
		return s_left + (j ? i.substr(0, j) + t : '') + i.substr(j).replace(/(\d{3})(?=\d)/g, "$1" + t) + (c ? d + Math.abs(n - i).toFixed(c).slice(2) : '') + s_right; 
	}
	</script>
	]]></add>
	</operation>
</file>

<file path="catalog/view/theme/moneymaker2/template/common/footer.tpl">
	<operation>
	<search><![CDATA[var price = target.data('order-price') && target.data('order-price').toString().replace(":", " ");]]></search>
	<add position="replace"><![CDATA[var price = target.parent().parent().find('span.price').html(); if (typeof price === 'undefined') { var price = target.data('order-price') && target.data('order-price').toString().replace(":", " ");}]]></add>
	</operation>
	<operation>
	<search><![CDATA[if (mode=="product") {]]></search>
	<add position="before"><![CDATA[
	  if (mode=="catalog") {
		var quantity_control_value = target.parent().parent().find('input[name=\'quantity\']').val();
		if (quantity_control_value!==0&&typeof quantity_control_value!=='undefined') {
		  modal.find('.modal-body input[type=\'hidden\']').val(quantity_control_value);
		} else {
		  modal.find('.modal-body input[type=\'hidden\']').val(1);
		}
	  }
]]></add>
	</operation>
</file>

</modification>