<modification>
    <id>Moneymaker Template - Filterpro 2.5 Module Adaptation</id>
    <version>1.1.8</version>
    <vqmver>2.3</vqmver>
    <author>RGB</author>

    <file name="catalog/controller/module/filterpro.php">
        <!-- savings -->
        <operation>
            <search position="before">
                <![CDATA[$this->data['products'][] = array(]]>
            </search>
            <add>
                <![CDATA[
                if ((float)$result['special']) {
				    $mmr_savings = $this->currency->format((($result['special'])-($result['price']))*(-1));
			    } else {
				    $mmr_savings = false;
			    }
                ]]>
            </add>
        </operation>
        <!-- in stock text -->
        <operation>
            <search position="after">
                <![CDATA[private function getHtmlProducts($results, $product_total) {]]>
            </search>
            <add>
                <![CDATA[
                $this->data += $this->language->load('product/product');
                ]]>
            </add>
        </operation>
        <!-- additional fields -->
        <operation>
            <search position="after"><![CDATA[$this->data['products'][] = array(]]></search>
            <add><![CDATA[
                'attribute_groups' => $this->config->get('mmr_common_catalog_attributes_enabled') ? $this->model_catalog_product->getProductAttributes($result['product_id']) : 0,
                'model'   => $result['model'],
                'sku'   => $result['sku'],
                'upc'   => $result['upc'],
                'jan'   => $result['jan'],
                'ean'   => $result['ean'],
                'isbn'  => $result['isbn'],
                'mpn'   => $result['mpn'],
                'viewed'=> $result['viewed'],
                'meta_description'=> $this->config->get('mmr_common_catalog_metadescriptions_enabled') ? $result['meta_description'] : 0,
                'date_available'=> $result['date_available'],
                'quantity'=> $result['quantity'],
                'stock'=> ($result['quantity']<=0) ? $result['stock_status'] : $this->language->get('text_instock'),
                'mmr_savings'=> $mmr_savings,
                ]]></add>
        </operation>
        <!-- description -->
        <operation>
            <search position="replace" regex="true"><![CDATA[~'description' => utf8_substr\(strip_tags\(html_entity_decode\(\$result\['description'\],.*,$~]]></search>
            <add><![CDATA['description' => $this->config->get('mmr_common_catalog_descriptions_enabled') ? utf8_substr(strip_tags(html_entity_decode($result['description'], ENT_QUOTES, 'UTF-8')), 0, $this->config->get('mmr_common_descriptions_limit')) . '..' : 0,]]></add>
        </operation>
        <!-- product no_image -->
        <operation error="skip">
            <search position="replace"><![CDATA[$image = false;]]></search>
            <add><![CDATA[$image = $this->model_tool_image->resize('no_image.jpg', $this->config->get('config_image_product_width'), $this->config->get('config_image_product_height'));]]></add>
        </operation>
    </file>

</modification>