<?xml version="1.0" encoding="utf-8"?>
<modification>
	<name>Moneymaker2 OCDEV.pro SEO Multilanguage Adaptation</name>
	<version>2.7.3</version>
	<author>RGB</author>
	<code>moneymaker2ocdevproseomultilang</code>
	<link>https://2.mnmkr.com</link>
	<file path="catalog/controller/extension/module/ocd_multilang.php">
	<operation>
		<search><![CDATA[foreach ($languages as $language) {]]></search>
		<add position="before"><![CDATA[
		/*mmr2*/
		$data['moneymaker2_header_strip_language'] = $this->config->get('moneymaker2_header_strip_language');
		$data['moneymaker2_header_strip_language'] = isset($data['moneymaker2_header_strip_language']) ? $data['moneymaker2_header_strip_language'] : 1;
		if ($data['moneymaker2_header_strip_language']>1) {
			switch ($data['moneymaker2_header_strip_language']) {
			  case 2: $data['moneymaker2_header_strip_language_class'] = "hidden-lg hidden-md hidden-sm"; break;
			  case 3: $data['moneymaker2_header_strip_language_class'] = "hidden-lg hidden-md hidden-sm visible-xlg"; break;
			  case 4: $data['moneymaker2_header_strip_language_class'] = "hidden-md hidden-sm"; break;
			  case 5: $data['moneymaker2_header_strip_language_class'] = "hidden-sm"; break;
			  case 6: $data['moneymaker2_header_strip_language_class'] = ""; break;
			}
		}
		/*mmr2*/
		]]></add>
	</operation>
	</file>
</modification>