<?xml version="1.0" encoding="utf-8"?>
<modification>
    <name>Lightshop simplecheckout (simple 4.11.x oc30)</name>
	<code>lightshop_simplecheckout_fix</code>
    <version>1.0.1</version>
    <author>899themes.ru</author>
    <link>http://899themes.ru</link>
    <file path="catalog/view/theme/lightshop/template/account/{simpleaddress,simpleedit,simpleregister}.twig">
        <operation>
            <search><![CDATA[
{% for row in rows %}
            ]]></search>
            <add position="before"><![CDATA[
				<div class="checkout">
            ]]></add>
        </operation>
        <operation>
            <search><![CDATA[
<div class="simpleregister-button-block buttons">
            ]]></search>
            <add position="before"><![CDATA[
            </div>
            ]]></add>
        </operation>
    </file>  
    <file path="catalog/view/theme/lightshop/template/checkout/simplecheckout_comment.twig">
        <operation>
            <search><![CDATA[
<div class="simplecheckout-block" id="simplecheckout_comment">
            ]]></search>
            <add position="after"><![CDATA[
	<div class="checkout">
		<div class="checkout__inner" style="display: block;	margin-top: -30px;">
            ]]></add>
        </operation>
        <operation>
            <search><![CDATA[
<div class="checkout-heading panel-heading">{{ label }}</div>
            ]]></search>
            <add position="replace"><![CDATA[
<span class="checkout__input-box-title">{{ label }}</span>
            ]]></add>
        </operation>
        <operation>
            <search><![CDATA[
<div class="simplecheckout-block-content">
            ]]></search>
            <add position="replace"><![CDATA[
<div class="checkout__textarea">
            ]]></add>
        </operation>
        <operation>
            <search><![CDATA[
<textarea
            ]]></search>
            <add position="after"  offset="5"><![CDATA[
		</div>
	</div>
            ]]></add>
        </operation>
    </file> 
    <file path="catalog/view/theme/lightshop/template/checkout/simplecheckout_customer.twig">
        <operation>
            <search><![CDATA[
{% for row in rows %}
            ]]></search>
            <add position="before"><![CDATA[
	<div class="checkout">
		<div class="checkout__inner" style="display: block;">
            ]]></add>
        </operation>
        <operation>
            <search><![CDATA[
{% for row in rows %}
            ]]></search>
            <add position="after" offset="5"><![CDATA[
  </div>
</div>
            ]]></add>
        </operation>
    </file>  
    <file path="catalog/view/theme/lightshop/template/checkout/simplecheckout_payment.twig">
        <operation>
            <search><![CDATA[
<div class="simplecheckout-block-content">
            ]]></search>
            <add position="after"><![CDATA[
    <div class="checkout">
	<div class="checkout__inner" style="display: block;">
            ]]></add>
        </operation>
        <operation>
            <search><![CDATA[
                <select data-onchange="reloadAll" name="payment_method" class="form-control">
            ]]></search>
            <add position="replace"><![CDATA[
				<div class="select">
                <select data-onchange="reloadAll" name="payment_method" class="select--squer select select-checkout">
            ]]></add>
        </operation>
        <operation>
            <search><![CDATA[
</select>
            ]]></search>
            <add position="after"><![CDATA[
				</div>
            ]]></add>
        </operation>
        <operation>
            <search><![CDATA[
<div class="radio">
            ]]></search>
            <add position="replace"><![CDATA[
<div class="checkout__input-row">
            ]]></add>
        </operation>
        <operation>
            <search index="0"><![CDATA[
<label for="{{ payment_method['code'] }}">
            ]]></search>
            <add position="replace"><![CDATA[
						<div class="checkout__radio-box">
                            <div class="checkout__radio-item">
            ]]></add>
        </operation>
        <operation>
            <search index="1"><![CDATA[
{{ payment_method['title'] }}
            ]]></search>
            <add position="before"><![CDATA[
<label for="{{ payment_method['code'] }}">
            ]]></add>
        </operation>
        <operation>
            <search><![CDATA[
{% if payment_method['description'] is not empty
            ]]></search>
            <add position="before"><![CDATA[
						</div>
						</div>
            ]]></add>
        </operation>
        <operation>
            <search><![CDATA[
<div class="simplecheckout-warning-text">{{ error_no_payment }}</div>
            ]]></search>
             <add position="after" offset="5"><![CDATA[
    </div>
</div>
            ]]></add>
        </operation>
    </file>
    <file path="catalog/view/theme/lightshop/template/checkout/simplecheckout_payment_address.twig">
        <operation>
            <search><![CDATA[
<div class="simplecheckout-block-content">
            ]]></search>
            <add position="after"><![CDATA[
	<div class="checkout">
		<div class="checkout__inner" style="display: block;">
            ]]></add>
        </operation>
        <operation>
            <search><![CDATA[
{% if display_address_same %}
            ]]></search>
            <add position="before"><![CDATA[
  </div>
</div>
            ]]></add>
        </operation>
    </file>
    <file path="catalog/view/theme/lightshop/template/checkout/simplecheckout_shipping.twig">
        <operation>
            <search><![CDATA[
<div class="simplecheckout-block-content">
            ]]></search>
            <add position="after"><![CDATA[
	<div class="checkout">
		<div class="checkout__inner" style="display: block;">
            ]]></add>
        </operation>
        <operation>
            <search><![CDATA[
                <select data-onchange="reloadAll" name="shipping_method" class="form-control">
            ]]></search>
            <add position="replace"><![CDATA[
				<div class="select">
                <select data-onchange="reloadAll" name="shipping_method" class="select--squer select select-checkout">
            ]]></add>
        </operation>
        <operation>
            <search><![CDATA[
</select>
            ]]></search>
            <add position="after"><![CDATA[
				</div>
            ]]></add>
        </operation>
        <operation>
            <search><![CDATA[
<p><b>{{ shipping_method['title'] }}</b></p>
            ]]></search>
            <add position="replace"><![CDATA[
<span class="checkout__input-box-title">{{ shipping_method['title'] }}</span>
            ]]></add>
        </operation>
        <operation>
            <search><![CDATA[
<div class="radio">
            ]]></search>
            <add position="replace"><![CDATA[
<div class="checkout__input-row">
            ]]></add>
        </operation>
        <operation>
            <search index="0"><![CDATA[
<label for="{{ quote['code'] }}">
            ]]></search>
            <add position="replace"><![CDATA[
						<div class="checkout__radio-box">
                            <div class="checkout__radio-item">
            ]]></add>
        </operation>
        <operation error="skip">
            <search><![CDATA[
{{ quote['title'] }}{{ quote['text'] is not empty ? ' - ' ~ quote['text'] : '' }}
            ]]></search>
            <add position="before"><![CDATA[
<label for="{{ quote['code'] }}">
            ]]></add>
        </operation>
        <operation error="skip">
            <search><![CDATA[
{{ quote['title'] is not empty ? quote['title'] : '' }}
            ]]></search>
            <add position="before"><![CDATA[
<label for="{{ quote['code'] }}">
            ]]></add>
        </operation>
        <operation>
            <search><![CDATA[
<div class="simplecheckout-error-text">{{ shipping_method['error'] }}</div>
            ]]></search>
            <add position="before" offset="2"><![CDATA[
						</div>	
						</div>	
            ]]></add>
        </operation>
        <operation>
            <search><![CDATA[
<div class="simplecheckout-warning-text">{{ error_no_shipping }}</div>
            ]]></search>
            <add position="after" offset="5"><![CDATA[
    </div>
</div>
            ]]></add>
        </operation>
    </file>  	
    <file path="catalog/view/theme/lightshop/template/checkout/simplecheckout_shipping_address.twig">
        <operation>
            <search><![CDATA[
<div class="simplecheckout-block-content">
            ]]></search>
            <add position="after"><![CDATA[
	<div class="checkout">
		<div class="checkout__inner" style="display: block;">
            ]]></add>
        </operation>
        <operation>
            <search><![CDATA[
{% for row in hidden_rows %}
            ]]></search>
            <add position="after" offset="5"><![CDATA[
  </div>
</div>
            ]]></add>
        </operation>
    </file> 
	<file path="catalog/view/theme/lightshop/template/common/header{1,2,3}.twig">
		<operation>
			<search><![CDATA[
{% if (theme_color == 6) %} 
			]]></search>
			<add position="after" offset="1"><![CDATA[
#total_total .simplecheckout-cart-total-value
{
color: #{{ theme_color_1 }};
}
			]]></add>
		</operation>
	</file> 	
	<file path="catalog/view/theme/lightshop/template/checkout/simplecheckout_login.twig">
		<operation>
			<search><![CDATA[
<div id="simple_login_header">
			]]></search>
			<add position="replace"><![CDATA[
<span class="popup-simple__close" data-onclick="close" >x</span>
			]]></add>
		</operation>
		<operation>
			<search><![CDATA[
<div class="simplecheckout-block-content">
			]]></search>
			<add position="replace"><![CDATA[
<div class="simplecheckout-block-content popup-simple__inner">
			]]></add>
		</operation>
	</file> 
	<file path="catalog/view/theme/lightshop/template/checkout/simplecheckout.twig">
		<operation>
			<search><![CDATA[
<div class="checkbox"><label><input type="checkbox" name="agreements[]" value="{{ agreement_id }}" {{ agreement_id in agreements ? 'checked="checked"' : '' }} />{{ text_agreement }}</label></div>
			]]></search>
			<add position="replace"><![CDATA[
<div class="checkbox"><input type="checkbox" name="agreements[]" id="agreements" value="{{ agreement_id }}" {{ agreement_id in agreements ? 'checked="checked"' : '' }} />
<label for="agreements">{{ text_agreement }}</label></div>
			]]></add>
		</operation>
	</file> 	
</modification>