<?xml version="1.0" encoding="utf-8"?>
<modification>
    <name>Simple Custom Data</name>
	<code>Simple Custom Data</code>
    <version>1.0.0</version>
    <author>deeman</author>
    <link>http://simpleopencart.com</link>

    <file path="admin/controller/sale/order.php">
        <operation>
            <search><![CDATA[
                $store_info = $this->model_setting_setting->getSetting('config', $order_info['store_id']);
            ]]></search>
            <add position="after" index="1"><![CDATA[
                $this->load->model('extension/module/simplecustom');

                $customInfo = $this->model_extension_module_simplecustom->getCustomFields('order', $order_info['order_id'], $order_info['language_code']);
            ]]></add>
        </operation>
        <operation>
            <search><![CDATA[
                $shipping_address = str_replace(
            ]]></search>
            <add position="before" index="1"><![CDATA[
                $find[] = '{company_id}';
                $find[] = '{tax_id}';
                $replace['company_id'] = isset($order_info['shipping_company_id']) ? $order_info['shipping_company_id'] : '';
                $replace['tax_id'] = isset($order_info['shipping_tax_id']) ? $order_info['shipping_tax_id'] : '';

                foreach($customInfo as $id => $value) {
                    if (strpos($id, 'shipping_') === 0) {
                        $id = str_replace('shipping_', '', $id);
                        $find[] = '{'.$id.'}';
                        $replace[$id] = $value;
                    } elseif (strpos($id, 'payment_') === false) {
                        $find[] = '{'.$id.'}';
                        $replace[$id] = $value;
                    }
                }
            ]]></add>
        </operation>
        <operation>
            <search><![CDATA[
                $payment_address = str_replace
            ]]></search>
            <add position="before" index="1"><![CDATA[
                $find[] = '{company_id}';
                $find[] = '{tax_id}';
                $replace['company_id'] = isset($order_info['payment_company_id']) ? $order_info['payment_company_id'] : '';
                $replace['tax_id'] = isset($order_info['payment_tax_id']) ? $order_info['payment_tax_id'] : '';

                foreach($customInfo as $id => $value) {
                    if (strpos($id, 'payment_') === 0) {
                        $id = str_replace('payment_', '', $id);
                        $find[] = '{'.$id.'}';
                        $replace[$id] = $value;
                    } elseif (strpos($id, 'shipping_') === false) {
                        $find[] = '{'.$id.'}';
                        $replace[$id] = $value;
                    }
                }
            ]]></add>
        </operation>
        <operation>
            <search><![CDATA[
                $customer_group_info = $this->model_customer_customer_group->getCustomerGroup
            ]]></search>
            <add position="after" index="1"><![CDATA[
                $this->load->model('extension/module/simplecustom');

                $customInfo = $this->model_extension_module_simplecustom->getCustomFields('order', $order_info['order_id'], $order_info['language_code']);
            ]]></add>
        </operation>
        <operation>
            <search><![CDATA[
                $data['shipping_address'] = str_replace(
            ]]></search>
            <add position="before" index="1"><![CDATA[
                $find[] = '{company_id}';
                $find[] = '{tax_id}';
                $replace['company_id'] = isset($order_info['shipping_company_id']) ? $order_info['shipping_company_id'] : '';
                $replace['tax_id'] = isset($order_info['shipping_tax_id']) ? $order_info['shipping_tax_id'] : '';

                foreach($customInfo as $id => $value) {
                    if (strpos($id, 'shipping_') === 0) {
                        $id = str_replace('shipping_', '', $id);
                        $find[] = '{'.$id.'}';
                        $replace[$id] = $value;
                    } elseif (strpos($id, 'payment_') === false) {
                        $find[] = '{'.$id.'}';
                        $replace[$id] = $value;
                    }
                }
            ]]></add>
        </operation>
        <operation>
            <search><![CDATA[
                $data['payment_address'] = str_replace(
            ]]></search>
            <add position="before" index="1"><![CDATA[
                $find[] = '{company_id}';
                $find[] = '{tax_id}';
                $replace['company_id'] = isset($order_info['payment_company_id']) ? $order_info['payment_company_id'] : '';
                $replace['tax_id'] = isset($order_info['payment_tax_id']) ? $order_info['payment_tax_id'] : '';

                foreach($customInfo as $id => $value) {
                    if (strpos($id, 'payment_') === 0) {
                        $id = str_replace('payment_', '', $id);
                        $find[] = '{'.$id.'}';
                        $replace[$id] = $value;
                    } elseif (strpos($id, 'shipping_') === false) {
                        $find[] = '{'.$id.'}';
                        $replace[$id] = $value;
                    }
                }
            ]]></add>
        </operation>
        <operation>
            <search><![CDATA[
                $data['ip'] = $order_info['ip'];
            ]]></search>
            <add position="before" index=""><![CDATA[
                $this->load->model('extension/module/simplecustom');

                $customAccountInfo = $this->model_extension_module_simplecustom->getInfoWithValues('order', $order_info['order_id'], 'customer');

                foreach ($customAccountInfo as $key => $info) {
                    if (is_array($info['value'])) {
                        $tmp = array();
                        foreach ($info['value'] as $v) {
                            $tmp[] = !empty($info['values']) && !empty($v) && !empty($info['values'][$v]) ? $info['values'][$v] : $v;
                        }
                        $value = implode(',', $tmp);
                    } else {
                        $value = !empty($info['values']) && !empty($info['value']) && !empty($info['values'][$info['value']]) ? $info['values'][$info['value']] : $info['value'];
                    }

                    if ($info['type'] == 'file') {
                        $value = '<a href="index.php?route=extension/module/simple/download&user_token='. $this->session->data['user_token'] . '&name='.$value.'">'.$info['filename'].'</a>';
                    }

                    if ($info['type'] == 'switcher') {
                        $value = $value ? $this->language->get('text_yes') : $this->language->get('text_no');
                    }
                        
                    $data['account_custom_fields'][] = array(
                        'name'  => $info['label'],
                        'value' => $value,
                        'sort_order' => 0
                    );
                }

                $customShippingInfo = $this->model_extension_module_simplecustom->getInfoWithValues('order', $order_info['order_id'], 'shipping_address');

                foreach ($customShippingInfo as $key => $info) {
                    if (is_array($info['value'])) {
                        $tmp = array();
                        foreach ($info['value'] as $v) {
                            $tmp[] = !empty($info['values']) && !empty($v) && !empty($info['values'][$v]) ? $info['values'][$v] : $v;
                        }
                        $value = implode(',', $tmp);
                    } else {
                        $value = !empty($info['values']) && !empty($info['value']) && !empty($info['values'][$info['value']]) ? $info['values'][$info['value']] : $info['value'];
                    }

                    if ($info['type'] == 'file') {
                        $value = '<a href="index.php?route=extension/module/simple/download&user_token='. $this->session->data['user_token'] . '&name='.$value.'">'.$info['filename'].'</a>';
                    }

                    if ($info['type'] == 'switcher') {
                        $value = $value ? $this->language->get('text_yes') : $this->language->get('text_no');
                    }

                    $data['account_custom_fields'][] = array(
                        'name'  => $info['label'],
                        'value' => $value,
                        'sort_order' => 0
                    );
                }

                /*
                $customPaymentInfo = $this->model_extension_module_simplecustom->getInfoWithValues('order', $order_info['order_id'], 'payment_address');

                foreach ($customPaymentInfo as $key => $info) {
                    if (is_array($info['value'])) {
                        $tmp = array();
                        foreach ($info['value'] as $v) {
                            $tmp[] = !empty($info['values']) && !empty($v) && !empty($info['values'][$v]) ? $info['values'][$v] : $v;
                        }
                        $value = implode(',', $tmp);
                    } else {
                        $value = !empty($info['values']) && !empty($info['value']) && !empty($info['values'][$info['value']]) ? $info['values'][$info['value']] : $info['value'];
                    }

                    if ($info['type'] == 'file') {
                        $value = '<a href="index.php?route=extension/module/simple/download&user_token='. $this->session->data['user_token'] . '&name='.$value.'">'.$info['filename'].'</a>';
                    }

                    if ($info['type'] == 'switcher') {
                        $value = $value ? $this->language->get('text_yes') : $this->language->get('text_no');
                    }
                    
                    $data['account_custom_fields'][] = array(
                        'name'  => $info['label'],
                        'value' => $value,
                        'sort_order' => 0
                    );
                }
                */
            ]]></add>
        </operation>
    </file>

    <file path="admin/view/template/customer/customer_form.twig">
        <operation>
            <search><![CDATA[id="tab-customer"]]></search>
            <add position="after"><![CDATA[
            <script type="text/javascript">
                jQuery(function(){
                    if (jQuery('#tab-customer table').length) {
                        jQuery('#tab-customer table').after('<div id="simple_custom_customer" class="simple-container"></div>');
                    } else {
                        jQuery('#tab-customer').append('<div id="simple_custom_customer" class="simple-container"></div>');
                    }
                    jQuery('#simple_custom_customer').load('index.php?option=com_mijoshop&format=raw&tmpl=component&route=extension/module/simple/custom&user_token={{ user_token }}&set=customer&object=customer&id={{ customer_id }}');
                });
            </script>
            ]]></add>
        </operation>
        <operation>
            <search><![CDATA[
            <input type="hidden" name="address[{{ address_row }}][address_id]" value="{{ address.address_id }}" />
            ]]></search>
            <add position="after"><![CDATA[
            <script type="text/javascript">
                jQuery(function(){
                    if (jQuery('#tab-address-{{ address_row }} table').length) {
                        jQuery('#tab-address-{{ address_row }} table').after('<div id="simple_custom_address_{{ address_row }}" class="simple-container"></div>');
                    } else {
                        jQuery('#tab-address{{ address_row }}').append('<div id="simple_custom_address_{{ address_row }}" class="simple-container"></div>');
                    }
                    jQuery('#simple_custom_address_{{ address_row }}').load('index.php?option=com_mijoshop&format=raw&tmpl=component&route=extension/module/simple/custom&set=address&user_token={{ user_token }}&object=address&id={{ address['address_id'] }}');
                });
            </script>
            ]]></add>
        </operation>
    </file>

    <file path="admin/view/template/sale/order_form.twig">
        <operation>
            <search><![CDATA[id="tab-customer"]]></search>
            <add position="after"><![CDATA[
            <script type="text/javascript">
                jQuery(function(){
                    jQuery('#tab-customer').append('<div id="simple_custom_order" class="simple-container"></div>');
                    jQuery('#simple_custom_order').load('index.php?option=com_mijoshop&format=raw&tmpl=component&route=extension/module/simple/custom&set=order&user_token={{ user_token }}&object=order&id={{ order_id }}');
                });
            </script>
            ]]></add>
        </operation>
        <operation>
            <search><![CDATA[id="tab-payment"]]></search>
            <add position="after"><![CDATA[
            <script type="text/javascript">
                jQuery(function(){
                    jQuery('#tab-payment').append('<div id="simple_custom_payment_address" class="simple-container"></div>');
                    jQuery('#simple_custom_payment_address').load('index.php?option=com_mijoshop&format=raw&tmpl=component&route=extension/module/simple/custom&set=payment_address&user_token={{ user_token }}&object=order&id={{ order_id }}');
                });
            </script>
            ]]></add>
        </operation>
        <operation>
            <search><![CDATA[id="tab-shipping"]]></search>
            <add position="after"><![CDATA[
            <script type="text/javascript">
                jQuery(function(){
                    jQuery('#tab-shipping').append('<div id="simple_custom_shipping_address" class="simple-container"></div>');
                    jQuery('#simple_custom_shipping_address').load('index.php?option=com_mijoshop&format=raw&tmpl=component&route=extension/module/simple/custom&set=shipping_address&user_token={{ user_token }}&object=order&id={{ order_id }}');
                });
            </script>
            ]]></add>
        </operation>
    </file>

    <file path="catalog/controller/mail/order.php">
        <operation>
            <search><![CDATA[
                function add
            ]]></search>
            <add position="after"><![CDATA[
                $this->load->model('tool/simplecustom');

                $customInfo = $this->model_tool_simplecustom->getCustomFields('order', $order_info['order_id'], $order_info['language_code']);
            ]]></add>
        </operation>
        <operation>
            <search><![CDATA[
                $data['title'] = sprintf($language->get('text
            ]]></search>
            <add position="after"><![CDATA[
                $this->load->model('tool/simplecustom');

                $customInfo = $this->model_tool_simplecustom->getCustomFields('order', $order_info['order_id'], $order_info['language_code']);
            ]]></add>
        </operation>
        <operation>
            <search><![CDATA[
                data['payment_address']
            ]]></search>
            <add position="before"><![CDATA[
                $find[] = '{company_id}';
                $find[] = '{tax_id}';
                $replace['company_id'] = isset($order_info['payment_company_id']) ? $order_info['payment_company_id'] : '';
                $replace['tax_id'] = isset($order_info['payment_tax_id']) ? $order_info['payment_tax_id'] : '';

                foreach($customInfo as $id => $value) {
                    if (strpos($id, 'payment_') === 0) {
                        $id = str_replace('payment_', '', $id);
                        $find[] = '{'.$id.'}';
                        $replace[$id] = $value;
                    } elseif (strpos($id, 'shipping_') === false) {
                        $find[] = '{'.$id.'}';
                        $replace[$id] = $value;
                    }
                }
            ]]></add>
        </operation>
        <operation>
            <search><![CDATA[
                data['shipping_address']
            ]]></search>
            <add position="before"><![CDATA[
                $find[] = '{company_id}';
                $find[] = '{tax_id}';
                $replace['company_id'] = isset($order_info['shipping_company_id']) ? $order_info['shipping_company_id'] : '';
                $replace['tax_id'] = isset($order_info['shipping_tax_id']) ? $order_info['shipping_tax_id'] : '';

                foreach($customInfo as $id => $value) {
                    if (strpos($id, 'shipping_') === 0) {
                        $id = str_replace('shipping_', '', $id);
                        $find[] = '{'.$id.'}';
                        $replace[$id] = $value;
                    } elseif (strpos($id, 'payment_') === false) {
                        $find[] = '{'.$id.'}';
                        $replace[$id] = $value;
                    }
                }
            ]]></add>
        </operation>
    </file>

    <file path="catalog/controller/account/address.php">
        <operation>
            <search><![CDATA[
                $find = array(
            ]]></search>
            <add position="before"><![CDATA[
                $this->load->model('tool/simplecustom');

                if ($result['address_format']) {
                    $format = $result['address_format'];
                } else {
                    $format = $this->model_tool_simplecustom->getAddressFormat();

                    if (!$format) {
                        $format = '{firstname} {lastname}' . "\n" . '{company}' . "\n" . '{address_1}' . "\n" . '{address_2}' . "\n" . '{city} {postcode}' . "\n" . '{zone}' . "\n" . '{country}';
                    }
                }
            ]]></add>
        </operation>
        <operation>
            <search><![CDATA[
                data['addresses'][] = array(
            ]]></search>
            <add position="before"><![CDATA[
                $find[] = '{company_id}';
                $find[] = '{tax_id}';
                $replace['company_id'] = isset($result['company_id']) ? $result['company_id'] : '';
                $replace['tax_id'] = isset($result['tax_id']) ? $result['tax_id'] : '';

                $customInfo = $this->model_tool_simplecustom->getCustomFields('address', $result['address_id']);

                foreach($customInfo as $id => $value) {
                    $find[] = '{'.$id.'}';
                    $replace[$id] = $value;
                }

                $all_fields = array();
                preg_match_all('{([\w:]+)}', $format, $all_fields);

                if (!empty($all_fields[0]) && is_array($all_fields[0])) {
                    foreach($all_fields[0] as $id) {
                        if (!in_array('{'.$id.'}', $find)) {
                            $find[] = '{'.$id.'}';
                            $replace[$id] = '';
                        }
                    }
                }
            ]]></add>
        </operation>
    </file>
    
    <file path="catalog/controller/account/order.php">
        <operation>
            <search><![CDATA[
                data['payment_address']
            ]]></search>
            <add position="before"><![CDATA[
                $find[] = '{company_id}';
                $find[] = '{tax_id}';
                $replace['company_id'] = isset($order_info['payment_company_id']) ? $order_info['payment_company_id'] : '';
                $replace['tax_id'] = isset($order_info['payment_tax_id']) ? $order_info['payment_tax_id'] : '';

                $this->load->model('tool/simplecustom');

                $customInfo = $this->model_tool_simplecustom->getCustomFields('order', $order_info['order_id'], $this->config->get('config_language'));

                foreach($customInfo as $id => $value) {
                    if (strpos($id, 'payment_') === 0) {
                        $id = str_replace('payment_', '', $id);
                        $find[] = '{'.$id.'}';
                        $replace[$id] = $value;
                    } elseif (strpos($id, 'shipping_') === false) {
                        $find[] = '{'.$id.'}';
                        $replace[$id] = $value;
                    }
                }
            ]]></add>
        </operation>
        <operation>
            <search><![CDATA[
                data['shipping_address']
            ]]></search>
            <add position="before"><![CDATA[
                $find[] = '{company_id}';
                $find[] = '{tax_id}';
                $replace['company_id'] = isset($order_info['shipping_company_id']) ? $order_info['shipping_company_id'] : '';
                $replace['tax_id'] = isset($order_info['shipping_tax_id']) ? $order_info['shipping_tax_id'] : '';

                $this->load->model('tool/simplecustom');

                $customInfo = $this->model_tool_simplecustom->getCustomFields('order', $order_info['order_id'], $this->config->get('config_language'));

                foreach($customInfo as $id => $value) {
                    if (strpos($id, 'shipping_') === 0) {
                        $id = str_replace('shipping_', '', $id);
                        $find[] = '{'.$id.'}';
                        $replace[$id] = $value;
                    } elseif (strpos($id, 'payment_') === false) {
                        $find[] = '{'.$id.'}';
                        $replace[$id] = $value;
                    }
                }
            ]]></add>
        </operation>
    </file>

</modification>

