<?xml version="1.0" encoding="utf-8"?>
<modification>
    <name>Lightshop simplecheckout fix (simple 4.10.11)</name>
	<code>lightshop_simplecheckout_fix</code>
    <version>1.0.0</version>
    <author>899themes.ru</author>
    <link>http://899themes.ru</link>

    <file path="catalog/view/theme/theme_lightshop/template/account/simpleaddress.tpl">
        <operation>
            <search><![CDATA[
                <?php foreach ($rows as $row) { ?>
            ]]></search>
            <add position="before"><![CDATA[
				<div class="checkout">
            ]]></add>
        </operation>
        <operation>
            <search><![CDATA[
            <div class="simpleregister-button-block buttons">
            ]]></search>
            <add position="before"><![CDATA[
            </div>
            ]]></add>
        </operation>
    </file>  
    <file path="catalog/view/theme/theme_lightshop/template/account/simpleedit.tpl">
        <operation>
            <search><![CDATA[
                <?php foreach ($rows as $row) { ?>
            ]]></search>
            <add position="before"><![CDATA[
				<div class="checkout">
            ]]></add>
        </operation>
        <operation>
            <search><![CDATA[
            <div class="simpleregister-button-block buttons">
            ]]></search>
            <add position="before"><![CDATA[
            </div>
            ]]></add>
        </operation>
    </file> 
    <file path="catalog/view/theme/theme_lightshop/template/account/simpleregister.tpl">
        <operation>
            <search><![CDATA[
                <?php foreach ($rows as $row) { ?>
            ]]></search>
            <add position="before"><![CDATA[
				<div class="checkout">
            ]]></add>
        </operation>
        <operation>
            <search><![CDATA[
            <div class="simpleregister-button-block buttons">
            ]]></search>
            <add position="before"><![CDATA[
            </div>
            ]]></add>
        </operation>
    </file>   	
	
    <file path="catalog/view/theme/theme_lightshop/template/checkout/simplecheckout_comment.tpl">
        <operation>
            <search><![CDATA[
<div class="simplecheckout-block" id="simplecheckout_comment">
            ]]></search>
            <add position="after"><![CDATA[
	<div class="checkout">
		<div class="checkout__inner" style="display: block;	margin-top: -30px;">
            ]]></add>
        </operation>
        <operation>
            <search><![CDATA[
      <div class="checkout-heading panel-heading"><?php echo $label ?></div>
            ]]></search>
            <add position="replace"><![CDATA[
 			  <span class="checkout__input-box-title"><?php echo $label ?></span>
            ]]></add>
        </operation>
        <operation>
            <search><![CDATA[
    <div class="simplecheckout-block-content">
            ]]></search>
            <add position="replace"><![CDATA[
			<div class="checkout__textarea">
            ]]></add>
        </operation>
        <operation>
            <search><![CDATA[
				<textarea class="form-control" name="comment" id="comment" placeholder="<?php echo $placeholder ?>" data-reload-payment-form="true"><?php echo $comment ?></textarea>			
            ]]></search>
            <add position="after"  offset="5"><![CDATA[
		</div>
	</div>
            ]]></add>
        </operation>
    </file> 
	
    <file path="catalog/view/theme/theme_lightshop/template/checkout/simplecheckout_customer.tpl">
        <operation>
            <search><![CDATA[
			<?php foreach ($rows as $row) { ?>
            ]]></search>
            <add position="before"><![CDATA[
	<div class="checkout">
		<div class="checkout__inner" style="display: block;">
            ]]></add>
        </operation>
        <operation>
            <search><![CDATA[
    <?php foreach ($rows as $row) { ?>
            ]]></search>
            <add position="after" offset="5"><![CDATA[
  </div>
</div>
            ]]></add>
        </operation>
    </file>  
	
    <file path="catalog/view/theme/theme_lightshop/template/checkout/simplecheckout_payment.tpl">
        <operation>
            <search><![CDATA[
    <div class="simplecheckout-block-content">
            ]]></search>
            <add position="after"><![CDATA[
    <div class="checkout">
	<div class="checkout__inner" style="display: block;">
            ]]></add>
        </operation>
        <operation>
            <search><![CDATA[
                <select data-onchange="reloadAll" name="payment_method" class="form-control">
            ]]></search>
            <add position="replace"><![CDATA[
				<div class="select">
                <select data-onchange="reloadAll" name="payment_method" class="select--squer select select-checkout">
            ]]></add>
        </operation>
        <operation>
            <search><![CDATA[
                </select>
            ]]></search>
            <add position="after"><![CDATA[
				</div>
            ]]></add>
        </operation>
        <operation>
            <search><![CDATA[
                    <div class="radio">
            ]]></search>
            <add position="replace"><![CDATA[
						<div class="checkout__input-row">
            ]]></add>
        </operation>
        <operation>
            <search index="0"><![CDATA[
                        <label for="<?php echo $payment_method['code']; ?>">
            ]]></search>
            <add position="replace"><![CDATA[
						<div class="checkout__radio-box">
                            <div class="checkout__radio-item">
            ]]></add>
        </operation>
        <operation>
            <search index="1"><![CDATA[
                            <?php echo $payment_method['title']; ?>
            ]]></search>
            <add position="before"><![CDATA[
						<label for="<?php echo $payment_method['code']; ?>">
            ]]></add>
        </operation>
        <operation>
            <search><![CDATA[
                    <?php if (!empty($payment_method['description']) && (!$display_for_selected || ($display_for_selected && $payment_method['code'] == $code))) { ?>
            ]]></search>
            <add position="before"><![CDATA[
						</div>
						</div>
            ]]></add>
        </operation>
        <operation>
            <search><![CDATA[
            <div class="simplecheckout-warning-text"><?php echo $error_no_payment; ?></div>
            ]]></search>
             <add position="after" offset="5"><![CDATA[
    </div>
</div>
            ]]></add>
        </operation>
    </file>  	
	
    <file path="catalog/view/theme/theme_lightshop/template/checkout/simplecheckout_payment_address.tpl">
        <operation>
            <search><![CDATA[
  <div class="simplecheckout-block-content">
            ]]></search>
            <add position="after"><![CDATA[
	<div class="checkout">
		<div class="checkout__inner" style="display: block;">
            ]]></add>
        </operation>
        <operation>
            <search><![CDATA[
  <?php if ($display_address_same) { ?>
            ]]></search>
            <add position="before"><![CDATA[
  </div>
</div>
            ]]></add>
        </operation>
    </file>  
	
    <file path="catalog/view/theme/theme_lightshop/template/checkout/simplecheckout_shipping.tpl">
        <operation>
            <search><![CDATA[
  <div class="simplecheckout-block-content">
            ]]></search>
            <add position="after"><![CDATA[
	<div class="checkout">
		<div class="checkout__inner" style="display: block;">
            ]]></add>
        </operation>
        <operation>
            <search><![CDATA[
                <select data-onchange="reloadAll" name="shipping_method" class="form-control">
            ]]></search>
            <add position="replace"><![CDATA[
				<div class="select">
                <select data-onchange="reloadAll" name="shipping_method" class="select--squer select select-checkout">
            ]]></add>
        </operation>
        <operation>
            <search><![CDATA[
                </select>
            ]]></search>
            <add position="after"><![CDATA[
				</div>
            ]]></add>
        </operation>
        <operation>
            <search><![CDATA[
                    <p><b><?php echo $shipping_method['title']; ?></b></p>
            ]]></search>
            <add position="replace"><![CDATA[
					<span class="checkout__input-box-title"><?php echo $shipping_method['title']; ?></span>
            ]]></add>
        </operation>
        <operation>
            <search><![CDATA[
                            <div class="radio">
            ]]></search>
            <add position="replace"><![CDATA[
						<div class="checkout__input-row">
            ]]></add>
        </operation>
        <operation>
            <search index="0"><![CDATA[
                                <label for="<?php echo $quote['code']; ?>">
            ]]></search>
            <add position="replace"><![CDATA[
						<div class="checkout__radio-box">
                            <div class="checkout__radio-item">
            ]]></add>
        </operation>
        <operation>
            <search><![CDATA[
<img src="<?php echo $quote['img']; ?>" width="60" height="32" border="0" style="display:block;margin:3px;">
            ]]></search>
            <add position="after" offset="1"><![CDATA[
									<label for="<?php echo $quote['code']; ?>">
            ]]></add>
        </operation>
        <operation>
            <search><![CDATA[
                        <div class="simplecheckout-error-text"><?php echo $shipping_method['error']; ?></div>

            ]]></search>
            <add position="before" offset="2"><![CDATA[
						</div>	
						</div>	

            ]]></add>
        </operation>
        <operation>
            <search><![CDATA[
            <div class="simplecheckout-warning-text"><?php echo $error_no_shipping; ?></div>
            ]]></search>
            <add position="after" offset="5"><![CDATA[
    </div>
</div>
            ]]></add>
        </operation>
    </file>  	

    <file path="catalog/view/theme/theme_lightshop/template/checkout/simplecheckout_shipping_address.tpl">
        <operation>
            <search><![CDATA[
  <div class="simplecheckout-block-content">
            ]]></search>
            <add position="after"><![CDATA[
	<div class="checkout">
		<div class="checkout__inner" style="display: block;">
            ]]></add>
        </operation>
        <operation>
            <search><![CDATA[
    <?php foreach ($hidden_rows as $row) { ?>
            ]]></search>
            <add position="after" offset="5"><![CDATA[
  </div>
</div>
            ]]></add>
        </operation>
    </file> 
	<file path="catalog/view/theme/theme_lightshop/template/common/header{1,2,3}.tpl">
		<operation>
			<search><![CDATA[
			<?php if ($theme_color == 6) { ?>
			]]></search>
			<add position="after" offset="1"><![CDATA[
#total_total .simplecheckout-cart-total-value
{
color: #<?php echo $theme_color_1; ?>;
}
			]]></add>
		</operation>
	</file> 	
	<file path="catalog/view/theme/theme_lightshop/template/checkout/simplecheckout_login.tpl">
		<operation>
			<search><![CDATA[
			<div id="simple_login_header"><img style="cursor:pointer;" data-onclick="close" src="<?php echo $additional_path ?>catalog/view/image/close.png"></div>
			]]></search>
			<add position="replace"><![CDATA[
<span class="popup-simple__close" data-onclick="close" >x</span>
			]]></add>
		</operation>
		<operation>
			<search><![CDATA[
			<div class="simplecheckout-block-content">
			]]></search>
			<add position="replace"><![CDATA[
<div class="simplecheckout-block-content popup-simple__inner">
			]]></add>
		</operation>
	</file> 
	<file path="catalog/view/theme/theme_lightshop/template/checkout/simplecheckout.tpl">
		<operation>
			<search><![CDATA[
<div class="checkbox"><label><input type="checkbox" name="agreements[]" value="<?php echo $agreement_id ?>" <?php echo in_array($agreement_id, $agreements) ? 'checked="checked"' : '' ?> /><?php echo $text_agreement; ?></label></div>
			]]></search>
			<add position="replace"><![CDATA[
<div class="checkbox"><input type="checkbox" name="agreements[]" id="agreements" value="<?php echo $agreement_id ?>" <?php echo in_array($agreement_id, $agreements) ? 'checked="checked"' : '' ?> />
<label for="agreements"><?php echo $text_agreement; ?></label></div>
			]]></add>
		</operation>
	</file> 	

</modification>