<?xml version="1.0" encoding="UTF-8"?>
<modification>
    <id>Manufacturer Categories</id>
    <version><![CDATA[1.0]]></version>
    <vqmver><![CDATA[2.1.5]]></vqmver>
    <author><![CDATA[<a href="https://opencartforum.com/user/700608-elycoin/" target="_blank">ElyCoin</a>]]></author>

    <file name="catalog/controller/common/header.php">
        <operation>
            <search position="after"><![CDATA[$this->data['title'] = $this->document->getTitle();]]></search>
            <add><![CDATA[
			    $this->document->addStyle('catalog/view/theme/default/stylesheet/manufacturer_category.css');
			]]></add>
        </operation>
        <operation>
            <search position="before"><![CDATA[$this->children = array(]]></search>
            <add><![CDATA[
                $this->load->model('catalog/manufacturer');
                $this->load->model('catalog/manufacturer_category');
                $this->load->model('tool/image');
                $this->load->model('setting/setting');
                $manufacturer_category = $this->model_setting_setting->getSetting('manufacturer_category');
                    if(!empty($manufacturer_category)){
                        if(isset($manufacturer_category['top']) && $manufacturer_category['top'] == '1' && !empty($manufacturer_category['customtitle'])){
                                                $this->data['brands'][] = array(
                                                    'name'     => $manufacturer_category['customtitle'],
                                                );
                                            }
                                                 $this->data['menu_position'] = isset($manufacturer_category['menu_position']) ? $manufacturer_category['menu_position'] : 'start';
                                                $this->data['column'] = isset($manufacturer_category['column']) ? $manufacturer_category['column'] : 1;
                                                $this->data['category_manufacturer_third_level'] = isset($manufacturer_category['category_manufacturer_third_level']) ? $manufacturer_category['category_manufacturer_third_level'] : 1;
                                            $this->data['href'] = $this->url->link('product/manufacturer');
                                        $manufacturers_results = $this->model_catalog_manufacturer->getManufacturers();
                                        $manuf_with_cats = array();
                                        $this->data['manufacturers_with_categories'] = array();
                                        foreach ($manufacturers_results as $manuf_cats_index=>$manufacturers_result) {
                                            if ($manufacturers_result['image']) {
                                                 $manufacturer_image = $this->model_tool_image->resize($manufacturers_result['image'], $this->config->get('config_image_category_width'), $this->config->get('config_image_category_height'));
                                            } else {
                                                 $manufacturer_image = $this->model_tool_image->resize('no_image.jpg', $this->config->get('config_image_category_width'), $this->config->get('config_image_category_height'));
                                            }
                                            $manuf_with_cats = $this->model_catalog_manufacturer_category->getManufacturerCategories($manufacturers_result['manufacturer_id']);
                                                if(count($manuf_with_cats) !== 0){
                                                    for($k=0;$k<count($manuf_with_cats);$k++)
                                                    $manuf_with_categories[$manuf_cats_index][] = array(
                                                        'manufacturer_id'  =>  $manuf_with_cats[$k]['manufacturer_id'],
                                                        'manufacturer_name'  =>  $manuf_with_cats[$k]['manufacturer_name'],
                                                        'manufacturer_image'  =>  $manufacturer_image,
                                                        'count_manufacturer_products'    => $this->model_catalog_manufacturer_category->countManufacturerProducts($manufacturers_result['manufacturer_id']),
                                                        'sort_order'  =>  $manuf_with_cats[$k]['sort_order'],
                                                        'description'  =>  $manuf_with_cats[$k]['description'],
                                                        'meta_description'  =>  $manuf_with_cats[$k]['meta_description'],
                                                        'meta_keyword'  =>  $manuf_with_cats[$k]['meta_keyword'],
                                                        'seo_title'  =>  $manuf_with_cats[$k]['seo_title'],
                                                        'seo_h1'  =>  $manuf_with_cats[$k]['seo_h1'],
                                                        'name'  =>  $manuf_with_cats[$k]['name'],
                                                        'manufacturer_category_id'  =>  $manuf_with_cats[$k]['manufacturer_category_id'],
                                                        'status'  =>  $manuf_with_cats[$k]['status'],
                                                        'short_description'  =>  $manuf_with_cats[$k]['short_description'],
                                                        'parent_id'  =>  $manuf_with_cats[$k]['parent_id'],
                                                        'cat_image'  =>  $manuf_with_cats[$k]['cat_image'],
                                                        'store_id'  =>  $manuf_with_cats[$k]['store_id'],
                                                    );
                                                }else{
                                                    $manuf_with_categories[$manuf_cats_index][] = array(
                                                        'manufacturer_id'  => $manufacturers_result['manufacturer_id'],
                                                        'manufacturer_name'  =>  $manufacturers_result['name'],
                                                        'manufacturer_image'  =>  $manufacturer_image,
                                                        'count_manufacturer_products'    => $this->model_catalog_manufacturer_category->countManufacturerProducts($manufacturers_result['manufacturer_id']),
                                                        'sort_order'  => $manufacturers_result['sort_order'],
                                                        'description'  =>  $manufacturers_result['description'],
                                                        'meta_description'  =>  $manufacturers_result['meta_description'],
                                                        'meta_keyword'  =>  $manufacturers_result['meta_keyword'],
                                                        'seo_title'  =>  $manufacturers_result['seo_title'],
                                                        'seo_h1'  =>  $manufacturers_result['seo_h1'],
                                                        'store_id'  =>  $manufacturers_result['store_id'],
                                                        'name'  =>  '',
                                                        'manufacturer_category_id'  =>  '',
                                                        'status'  =>  '',
                                                        'short_description'  =>  '',
                                                        'parent_id'  =>  '',
                                                        'cat_image'  =>  '',
                                                    );
                                                }
                                        }
                                        foreach ($manuf_with_categories as $k1 => $arr2) {
                                            foreach ($arr2 as $k2 => $arr3) {
                                                if(!empty($arr3['manufacturer_category_id'])){
                                                    $manuf_with_categories[$k1][$k2]['manufacturer_category_href'] = $this->url->link('product/manufacturer/products', 'manufacturer_category_id=' . $arr3['manufacturer_category_id']);
                                                }else{
                                                    $manuf_with_categories[$k1][$k2]['manufacturer_category_href'] = '';
                                                }
                                                $manuf_with_categories[$k1][$k2]['manufacturer_href'] = $this->url->link('product/manufacturer/categories', 'manufacturer_id=' . $arr3['manufacturer_id']);
                                            }
                                        }
                                        $this->data['manufacturers_with_categories'] = $manuf_with_categories;
                    }else{
                         $this->data['menu_position'] = '';
                    }
			]]></add>
        </operation>
    </file>
    <file name="catalog/controller/common/seo_pro.php">
        <operation>
            <search position="replace"><![CDATA[$this->request->get['route'] = 'product/manufacturer/info';]]></search>
            <add><![CDATA[
                		$this->request->get['route'] = 'product/manufacturer/categories';
                    } elseif (isset($this->request->get['manufacturer_category_id'])) {
                        $this->request->get['route'] = 'product/manufacturer/products';
			]]></add>
        </operation>
        <operation>
            <search position="after"><![CDATA[case 'category_id':]]></search>
            <add><![CDATA[	case 'manufacturer_category_id':	]]></add>
        </operation>
    </file>
    <file name="catalog/controller/product/manufacturer.php">
        <operation error="abort">
            <search position="after"><![CDATA[$this->document->setTitle($manufacturer_info['name']);]]></search>
            <add><![CDATA[			$manufacturer_description = $this->model_catalog_manufacturer->getManufacturerDescription($manufacturer_id);

			if($manufacturer_description) {
				$this->document->setDescription($manufacturer_description['meta_description']);
				$this->document->setKeywords($manufacturer_description['meta_keyword']);
				$this->data['manufacturer_description'] = html_entity_decode($manufacturer_description['description'], ENT_QUOTES, 'UTF-8');
			} else {
				$this->data['manufacturer_description'] = '';
			}]]></add>
        </operation>
        <operation>
            <search position="before"><![CDATA[$this->load->model('catalog/manufacturer');]]></search>
            <add><![CDATA[ $this->load->model('catalog/manufacturer_category');	]]></add>
        </operation>
        <operation>
            <search position="before"><![CDATA[$this->data['categories'][$key]['manufacturer'][] = array(]]></search>
            <add><![CDATA[
                        $this->load->model('setting/setting');
                        $manufacturer_category = $this->model_setting_setting->getSetting('manufacturer_category');
                        if (!empty($result['image']) && isset($manufacturer_category['show_manufacturer_image']) && $manufacturer_category['show_manufacturer_image'] == '1' && !empty($manufacturer_category['image_manufacturer_width']) && !empty($manufacturer_category['image_manufacturer_height'])) {
                            $image = $this->model_tool_image->resize($result['image'], $manufacturer_category['image_manufacturer_width'], $manufacturer_category['image_manufacturer_height']);
                        } elseif (empty($result['image']) && isset($manufacturer_category['show_manufacturer_image']) && $manufacturer_category['show_manufacturer_image'] == '1' && !empty($manufacturer_category['image_manufacturer_width']) && !empty($manufacturer_category['image_manufacturer_height'])) {
                            $image = $this->model_tool_image->resize('no_image.jpg', $manufacturer_category['image_manufacturer_width'], $manufacturer_category['image_manufacturer_height']);
                        }elseif (!empty($result['image']) && isset($manufacturer_category['show_manufacturer_image']) && $manufacturer_category['show_manufacturer_image'] == '1') {
                            $image = $this->model_tool_image->resize($result['image'], 100, 100);
                        } else {
                            $image = '';
                        }
                        $this->data['show_count_manufacturer_products'] = (isset($manufacturer_category['show_count_manufacturer_products']) ? $manufacturer_category['show_count_manufacturer_products'] : '');
			]]></add>
        </operation>
        <operation>
            <search position="before"><![CDATA[$this->data['categories'][$key]['manufacturer'][] = array(]]></search>
            <add><![CDATA[
                		if(!empty($manufacturer_category)){
                            $this->data['categories'][$key]['manufacturer'][] = array(
                                'name' => $result['name'],
                                'count_products'    => $this->model_catalog_manufacturer_category->countManufacturerProducts($result['manufacturer_id']),
                                'image' => $image,
                                'href' => $this->url->link('product/manufacturer/categories', 'manufacturer_id=' . $result['manufacturer_id'])
                            );
                        }else{
			]]></add>
        </operation>
        <operation>
            <search position="before"><![CDATA['href' => $this->url->link('product/manufacturer/info', 'manufacturer_id=' . $result['manufacturer_id'])]]></search>
            <add><![CDATA[ 'image' => $image,]]></add>
        </operation>
        <operation>
            <search position="after" offset="1"><![CDATA['href' => $this->url->link('product/manufacturer/info', 'manufacturer_id=' . $result['manufacturer_id'])]]></search>
            <add><![CDATA[  } ]]></add>
        </operation>
        <operation>
            <search position="before"><![CDATA[public function info() {]]></search>
            <add><![CDATA[
                	public function categories(){
                        $this->language->load('product/manufacturer_category');
                        $this->language->load('product/manufacturer');
                        $this->load->model('catalog/manufacturer');
                        $this->load->model('tool/image');
                        $this->load->model('catalog/manufacturer_category');
                        $this->load->model('catalog/product');
                        $this->document->setTitle($this->language->get('heading_title'));
                        $this->data['breadcrumbs'] = array();
                        $this->data['breadcrumbs'][] = array(
                            'text'      => $this->language->get('text_home'),
                            'href'      => $this->url->link('common/home'),
                            'separator' => false
                        );
                        $this->data['breadcrumbs'][] = array(
                            'text'      => $this->language->get('text_brand'),
                            'href'      => $this->url->link('product/manufacturer'),
                            'separator' => $this->language->get('text_separator')
                        );
                        $this->load->model('setting/setting');
                        $manufacturer_categories_settings = $this->model_setting_setting->getSetting('manufacturer_category');
                        if (isset($this->request->get['manufacturer_id'])) {
                            $manufacturer_id = (int)$this->request->get['manufacturer_id'];
                        } else {
                            $manufacturer_id = 0;
                        }
                        $categories = $this->model_catalog_manufacturer_category->getManufacturerCategories($manufacturer_id);
                        $this->data['show_manufacturer_category_short_description'] = isset($manufacturer_categories_settings['show_manufacturer_category_short_description']) ? $manufacturer_categories_settings['show_manufacturer_category_short_description'] : 0;
                        $this->data['show_manufacturer_category_image'] = isset($manufacturer_categories_settings['show_manufacturer_category_image']) ? $manufacturer_categories_settings['show_manufacturer_category_image'] : 0;
                        $this->data['categories'] = array();
                        foreach ($categories as $category) {
                            if (!empty($category['cat_image']) && !empty($manufacturer_categories_settings['manufacturer_category_image_width']) && !empty($manufacturer_categories_settings['manufacturer_category_image_height'])) {
                                $image = $this->model_tool_image->resize($category['cat_image'], $manufacturer_categories_settings['manufacturer_category_image_width'], $manufacturer_categories_settings['manufacturer_category_image_height']);
                            } elseif (empty($category['cat_image']) && !empty($manufacturer_categories_settings['manufacturer_category_image_width']) && !empty($manufacturer_categories_settings['manufacturer_category_image_height'])) {
                                $image = $this->model_tool_image->resize('no_image.jpg', $manufacturer_categories_settings['manufacturer_category_image_width'], $manufacturer_categories_settings['manufacturer_category_image_height']);
                            }elseif (!empty($category['cat_image'])) {
                                $image = $this->model_tool_image->resize($category['cat_image'], 100, 100);
                            } else {
                                $image = '';
                            }
                            if(!empty($category['short_description']) && isset($manufacturer_categories_settings['manufacturer_category_short_description_length']) && $manufacturer_categories_settings['manufacturer_category_short_description_length'] > 0){
                                if(strlen($category['short_description']) > $manufacturer_categories_settings['manufacturer_category_short_description_length']){
                                    $category_short_description = utf8_substr(strip_tags(html_entity_decode($category['short_description'], ENT_QUOTES, 'UTF-8')), 0, $manufacturer_categories_settings['manufacturer_category_short_description_length']) . '...';
                                }else{
                                    $category_short_description = strip_tags(html_entity_decode($category['short_description'], ENT_QUOTES, 'UTF-8'));
                                }
                            }elseif(!isset($manufacturer_categories_settings['manufacturer_category_short_description_length'])){
                                $category_short_description = utf8_substr(strip_tags(html_entity_decode($category['short_description'], ENT_QUOTES, 'UTF-8')), 0, 120) . '...';
                            }else{
                                $category_short_description = '';
                            }
                            $this->data['categories'][] = array(
                                'manufacturer_category_id' => $category['manufacturer_category_id'],
                                'name'        => $category['name'],
                                'thumb'        => $image,
                                'short_description'        => $category_short_description,
                                'description'        => $category['description'],
                                'href' => $this->url->link('product/manufacturer/products', 'manufacturer_category_id=' . $category['manufacturer_category_id'])
                            );
                            $manufacturer_category_ids[] = $category['manufacturer_category_id'];
                        }
                        if (isset($this->request->get['manufacturer_id'])) {
                            $manufacturer_id = (int)$this->request->get['manufacturer_id'];
                        } else {
                            $manufacturer_id = 0;
                        }
                        if (isset($this->request->get['sort'])) {
                            $sort = $this->request->get['sort'];
                        } else {
                            $sort = 'p.sort_order';
                        }
                        if (isset($this->request->get['order'])) {
                            $order = $this->request->get['order'];
                        } else {
                            $order = 'ASC';
                        }
                        if (isset($this->request->get['page'])) {
                            $page = $this->request->get['page'];
                        } else {
                            $page = 1;
                        }
                        if (isset($this->request->get['limit'])) {
                            $limit = $this->request->get['limit'];
                        } else {
                            $limit = $this->config->get('config_catalog_limit');
                        }

                        $manufacturer_info = $this->model_catalog_manufacturer->getManufacturer($manufacturer_id);
                        if ($manufacturer_info) {
                            $this->data['manufacturer_name'] = $manufacturer_info['name'];
                            if (isset($manufacturer_info['seo_title'])) {
                                $this->document->setTitle($manufacturer_info['seo_title']);
                            } else {
                                $this->document->setTitle($manufacturer_info['name']);
                            }
                            if (isset($manufacturer_info['seo_h1'])) {
                                $this->data['heading_title'] = $manufacturer_info['seo_h1'];
                            }elseif (isset($manufacturer_info['seo_title'])) {
                                $this->data['heading_title'] = $manufacturer_info['seo_title'];
                            } else {
                                $this->data['heading_title'] = $manufacturer_info['name'];
                            }
                            $this->document->addScript('catalog/view/javascript/jquery/jquery.total-storage.min.js');
                            $this->document->setDescription($manufacturer_info['meta_description']);
                            $this->document->setKeywords($manufacturer_info['meta_keyword']);

                            $url = '';

                            if (isset($this->request->get['sort'])) {
                                $url .= '&sort=' . $this->request->get['sort'];
                            }
                            if (isset($this->request->get['order'])) {
                                $url .= '&order=' . $this->request->get['order'];
                            }
                            if (isset($this->request->get['page'])) {
                                $url .= '&page=' . $this->request->get['page'];
                            }
                            if (isset($this->request->get['limit'])) {
                                $url .= '&limit=' . $this->request->get['limit'];
                            }
                            $this->data['breadcrumbs'][] = array(
                                'text' => $manufacturer_info['name'],
                                'href' => $this->url->link('product/manufacturer/categories', 'manufacturer_id=' . $this->request->get['manufacturer_id'] . $url),
                                'separator' => $this->language->get('text_separator')
                            );
                            $this->data['description'] = html_entity_decode($manufacturer_info['description'], ENT_QUOTES, 'UTF-8');
                            $this->data['text_empty'] = $this->language->get('text_empty');
                            $this->data['text_quantity'] = $this->language->get('text_quantity');
                            $this->data['text_manufacturer'] = $this->language->get('text_manufacturer');
                            $this->data['text_model'] = $this->language->get('text_model');
                            $this->data['text_price'] = $this->language->get('text_price');
                            $this->data['text_tax'] = $this->language->get('text_tax');
                            $this->data['text_points'] = $this->language->get('text_points');
                            $this->data['text_compare'] = sprintf($this->language->get('text_compare'), (isset($this->session->data['compare']) ? count($this->session->data['compare']) : 0));
                            $this->data['text_display'] = $this->language->get('text_display');
                            $this->data['text_list'] = $this->language->get('text_list');
                            $this->data['text_grid'] = $this->language->get('text_grid');
                            $this->data['text_sort'] = $this->language->get('text_sort');
                            $this->data['text_limit'] = $this->language->get('text_limit');
                            $this->data['text_refine'] = $this->language->get('text_refine');
                            $this->data['text_read_more'] = $this->language->get('text_read_more');
                            $this->data['text_button_link_all_products'] = $this->language->get('text_button_link_all_products');
                            $this->data['button_cart'] = $this->language->get('button_cart');
                            $this->data['button_wishlist'] = $this->language->get('button_wishlist');
                            $this->data['button_compare'] = $this->language->get('button_compare');
                            $this->data['button_continue'] = $this->language->get('button_continue');
                            $this->data['compare'] = $this->url->link('product/compare');
                            $this->data['products'] = array();
                            $data = array(
                                'filter_manufacturer_id' => $manufacturer_id,
                                'sort' => $sort,
                                'order' => $order,
                                'start' => ($page - 1) * $limit,
                                'limit' => $limit
                            );
                            $this->data['description'] = html_entity_decode($manufacturer_info['description'], ENT_QUOTES, 'UTF-8');
                            if (!empty($manufacturer_info['image']) && !empty($manufacturer_categories_settings['image_manufacturer_main_logo_width']) && !empty($manufacturer_categories_settings['image_manufacturer_main_logo_height'])) {
                                $this->data['thumb'] = $this->model_tool_image->resize($manufacturer_info['image'], $manufacturer_categories_settings['image_manufacturer_main_logo_width'], $manufacturer_categories_settings['image_manufacturer_main_logo_height']);
                            } elseif (empty($manufacturer_info['image']) && !empty($manufacturer_categories_settings['image_manufacturer_main_logo_width']) && !empty($manufacturer_categories_settings['image_manufacturer_main_logo_height'])) {
                                $this->data['thumb'] = $this->model_tool_image->resize('no_image.jpg', $manufacturer_categories_settings['image_manufacturer_main_logo_width'], $manufacturer_categories_settings['image_manufacturer_main_logo_height']);
                            }elseif (!empty($manufacturer_info['image'])) {
                                $this->data['thumb'] = $this->model_tool_image->resize($manufacturer_info['image'], 100, 100);
                            } else {
                                $this->data['thumb'] = '';
                            }

                            $this->data['show_button_details'] = isset($manufacturer_categories_settings['show_button_details']) ? $manufacturer_categories_settings['show_button_details'] : 0;
                            $this->data['show_manufacturer_logo_description'] = isset($manufacturer_categories_settings['show_manufacturer_logo_description']) ? $manufacturer_categories_settings['show_manufacturer_logo_description'] : 0;
                            $this->data['count_category_products'] = isset($manufacturer_categories_settings['count_category_products']) ? $manufacturer_categories_settings['count_category_products'] : 0;
                            $this->data['show_link_all_manufacturer_products'] = (isset($manufacturer_info['show_all_products_link']) ? $manufacturer_info['show_all_products_link'] : '');
                            $this->data['link_all_manufacturer_products'] = (isset($manufacturer_info['all_products_link']) ? $manufacturer_info['all_products_link'] : '');
                            $this->data['goods_in_parent'] = (isset($manufacturer_categories_settings['goods_in_parent']) ? $manufacturer_categories_settings['goods_in_parent'] : '');
                                if(isset($manufacturer_categories_settings['goods_in_parent'])){
                                        $results = array();
                                    if(
                                        ($this->data['show_link_all_manufacturer_products'] == 0 && empty($this->data['link_all_manufacturer_products']) && $manufacturer_categories_settings['goods_in_parent'] == '1') ||
                                        ($this->data['show_link_all_manufacturer_products'] == 0 && !empty($this->data['link_all_manufacturer_products']) && $manufacturer_categories_settings['goods_in_parent'] == '1') ||
                                        ($this->data['show_link_all_manufacturer_products'] == 1 && empty($this->data['link_all_manufacturer_products']) && $manufacturer_categories_settings['goods_in_parent'] == '1'))
                                    {
                                        $results = $this->model_catalog_product->getProducts($data);
                                        $product_total = count($results);
                                    }elseif(!empty($this->data['link_all_manufacturer_products']) && $this->data['show_link_all_manufacturer_products'] == '1'){
                                        $product_total = 0;
                                    }elseif($manufacturer_categories_settings['goods_in_parent'] == '0'){
                                        $results_data = $this->model_catalog_product->getProducts($data);
                                        $prod_without_cats = array();
                                        $manuf_prod_without_cats = array();
                                        $manuf_cat_results = $this->model_catalog_manufacturer_category->getCategoryProducts();
                                            foreach($manuf_cat_results as $manuf_cat_result) {
                                                if(!is_array(json_decode($manuf_cat_result['product_category_manufacturer']))){
                                                    $prod_without_cats[] = $manuf_cat_result['product_id'];
                                                }
                                            }
                                        foreach($results_data as $result_data){
                                            if(in_array($result_data['product_id'], $prod_without_cats)){
                                                $manuf_prod_without_cats[] = $result_data['product_id'];
                                            }
                                        }

                                        foreach($manuf_prod_without_cats as $prod_without_cat){
                                            $results[] = $this->model_catalog_manufacturer_category->getProduct($prod_without_cat);
                                        }
                                        $product_total = count($results);
                                    }
                                    foreach ($results as $result) {
                                        if ($result['image']) {
                                            $image = $this->model_tool_image->resize($result['image'], $this->config->get('config_image_product_width'), $this->config->get('config_image_product_height'));
                                        } else {
                                            $image = $this->model_tool_image->resize('no_image.jpg', $this->config->get('config_image_product_width'), $this->config->get('config_image_product_height'));
                                        }
                                        if (($this->config->get('config_customer_price') && $this->customer->isLogged()) || !$this->config->get('config_customer_price')) {
                                            $price = $this->currency->format($this->tax->calculate($result['price'], $result['tax_class_id'], $this->config->get('config_tax')));
                                        } else {
                                            $price = false;
                                        }
                                        if ((float)$result['special']) {
                                            $special = $this->currency->format($this->tax->calculate($result['special'], $result['tax_class_id'], $this->config->get('config_tax')));
                                        } else {
                                            $special = false;
                                        }
                                        if ($this->config->get('config_tax')) {
                                            $tax = $this->currency->format((float)$result['special'] ? $result['special'] : $result['price']);
                                        } else {
                                            $tax = false;
                                        }
                                        if ($this->config->get('config_review_status')) {
                                            $rating = (int)$result['rating'];
                                        } else {
                                            $rating = false;
                                        }
                                        $this->data['products'][] = array(
                                            'product_id' => $result['product_id'],
                                            'thumb' => $image,
                                            'name' => $result['name'],
                                            'description' => utf8_substr(strip_tags(html_entity_decode($result['description'], ENT_QUOTES, 'UTF-8')), 0, 300) . '..',
                                            'price' => $price,
                                            'special' => $special,
                                            'tax' => $tax,
                                            'rating' => $result['rating'],
                                            'reviews' => sprintf($this->language->get('text_reviews'), (int)$result['reviews']),
                                            'href' => $this->url->link('product/product', '&manufacturer_id=' . $result['manufacturer_id'] . '&product_id=' . $result['product_id'] . $url)
                                        );
                                    }
                                }else{
                                    $this->data['products']=array();
                                    $product_total = '';
                            }
                            $url = '';
                            if (isset($this->request->get['limit'])) {
                                $url .= '&limit=' . $this->request->get['limit'];
                            }
                            $this->data['sorts'] = array();
                            $this->data['sorts'][] = array(
                                'text' => $this->language->get('text_default'),
                                'value' => 'p.sort_order-ASC',
                                'href' => $this->url->link('product/manufacturer/categories', 'manufacturer_id=' . $this->request->get['manufacturer_id'] . '&sort=p.sort_order&order=ASC' . $url)
                            );
                            $this->data['sorts'][] = array(
                                'text' => $this->language->get('text_name_asc'),
                                'value' => 'pd.name-ASC',
                                'href' => $this->url->link('product/manufacturer/categories', 'manufacturer_id=' . $this->request->get['manufacturer_id'] . '&sort=pd.name&order=ASC' . $url)
                            );
                            $this->data['sorts'][] = array(
                                'text' => $this->language->get('text_name_desc'),
                                'value' => 'pd.name-DESC',
                                'href' => $this->url->link('product/manufacturer/categories', 'manufacturer_id=' . $this->request->get['manufacturer_id'] . '&sort=pd.name&order=DESC' . $url)
                            );
                            $this->data['sorts'][] = array(
                                'text' => $this->language->get('text_price_asc'),
                                'value' => 'p.price-ASC',
                                'href' => $this->url->link('product/manufacturer/categories', 'manufacturer_id=' . $this->request->get['manufacturer_id'] . '&sort=p.price&order=ASC' . $url)
                            );
                            $this->data['sorts'][] = array(
                                'text' => $this->language->get('text_price_desc'),
                                'value' => 'p.price-DESC',
                                'href' => $this->url->link('product/manufacturer/categories', 'manufacturer_id=' . $this->request->get['manufacturer_id'] . '&sort=p.price&order=DESC' . $url)
                            );
                            if ($this->config->get('config_review_status')) {
                                $this->data['sorts'][] = array(
                                    'text' => $this->language->get('text_rating_desc'),
                                    'value' => 'rating-DESC',
                                    'href' => $this->url->link('product/manufacturer/categories', 'manufacturer_id=' . $this->request->get['manufacturer_id'] . '&sort=rating&order=DESC' . $url)
                                );
                                $this->data['sorts'][] = array(
                                    'text' => $this->language->get('text_rating_asc'),
                                    'value' => 'rating-ASC',
                                    'href' => $this->url->link('product/manufacturer/categories', 'manufacturer_id=' . $this->request->get['manufacturer_id'] . '&sort=rating&order=ASC' . $url)
                                );
                            }
                            $this->data['sorts'][] = array(
                                'text' => $this->language->get('text_model_asc'),
                                'value' => 'p.model-ASC',
                                'href' => $this->url->link('product/manufacturer/categories', 'manufacturer_id=' . $this->request->get['manufacturer_id'] . '&sort=p.model&order=ASC' . $url)
                            );
                            $this->data['sorts'][] = array(
                                'text' => $this->language->get('text_model_desc'),
                                'value' => 'p.model-DESC',
                                'href' => $this->url->link('product/manufacturer/categories', 'manufacturer_id=' . $this->request->get['manufacturer_id'] . '&sort=p.model&order=DESC' . $url)
                            );
                            $url = '';
                            if (isset($this->request->get['sort'])) {
                                $url .= '&sort=' . $this->request->get['sort'];
                            }
                            if (isset($this->request->get['order'])) {
                                $url .= '&order=' . $this->request->get['order'];
                            }
                            $this->data['limits'] = array();
                            $limits = array_unique(array($this->config->get('config_catalog_limit'), 25, 50, 75, 100));
                            sort($limits);
                            foreach ($limits as $value) {
                                $this->data['limits'][] = array(
                                    'text' => $value,
                                    'value' => $value,
                                    'href' => $this->url->link('product/manufacturer/categories', 'manufacturer_id=' . $this->request->get['manufacturer_id'] . $url . '&limit=' . $value)
                                );
                            }
                            $url = '';
                            if (isset($this->request->get['sort'])) {
                                $url .= '&sort=' . $this->request->get['sort'];
                            }
                            if (isset($this->request->get['order'])) {
                                $url .= '&order=' . $this->request->get['order'];
                            }
                            if (isset($this->request->get['limit'])) {
                                $url .= '&limit=' . $this->request->get['limit'];
                            }
                            $pagination = new Pagination();
                            $pagination->total = $product_total;
                            $pagination->page = $page;
                            $pagination->limit = $limit;
                            $pagination->text = $this->language->get('text_pagination');
                            $pagination->url = $this->url->link('product/manufacturer/categories', 'manufacturer_id=' . $this->request->get['manufacturer_id'] . $url . '&page={page}');
                            $this->data['pagination'] = $pagination->render();
                            $this->data['sort'] = $sort;
                            $this->data['order'] = $order;
                            $this->data['limit'] = $limit;
                            $this->data['continue'] = $this->url->link('common/home');
                        }
                        if (file_exists(DIR_TEMPLATE . $this->config->get('config_template') . '/template/product/manufacturer_categories.tpl')) {
                            $this->template = $this->config->get('config_template') . '/template/product/manufacturer_categories.tpl';
                        } else {
                            $this->template = 'default/template/product/manufacturer_categories.tpl';
                        }
                        $this->children = array(
                            'common/column_left',
                            'common/column_right',
                            'common/content_top',
                            'common/content_bottom',
                            'common/footer',
                            'common/header'
                        );
                        $this->response->setOutput($this->render());
                    }
                    public function products(){
                        $this->language->load('product/manufacturer_category');
                        $this->load->model('catalog/product');
                        $this->load->model('catalog/manufacturer_category');
                        $this->load->model('tool/image');
                        $this->load->model('catalog/manufacturer');
                        $this->data['breadcrumbs'] = array();
                        $this->data['breadcrumbs'][] = array(
                            'text'      => $this->language->get('text_home'),
                            'href'      => $this->url->link('common/home'),
                            'separator' => false
                        );
                        $this->data['breadcrumbs'][] = array(
                            'text'      => $this->language->get('text_brand'),
                            'href'      => $this->url->link('product/manufacturer'),
                            'separator' => $this->language->get('text_separator')
                        );
                        if (isset($this->request->get['manufacturer_category_id'])) {
                            $manufacturer_category_id = (int)$this->request->get['manufacturer_category_id'];
                        } else {
                            $manufacturer_category_id = 0;
                        }

                        if (isset($this->request->get['filter'])) {
                            $filter = $this->request->get['filter'];
                        } else {
                            $filter = '';
                        }

                        if (isset($this->request->get['sort'])) {
                            $sort = $this->request->get['sort'];
                        } else {
                            $sort = 'p.sort_order';
                        }

                        if (isset($this->request->get['order'])) {
                            $order = $this->request->get['order'];
                        } else {
                            $order = 'ASC';
                        }

                        if (isset($this->request->get['page'])) {
                            $page = $this->request->get['page'];
                        } else {
                            $page = 1;
                        }

                        if (isset($this->request->get['limit'])) {
                            $limit = $this->request->get['limit'];
                        } else {
                            $limit = $this->config->get('config_catalog_limit');
                        }

                        $manufacturer_id = $this->model_catalog_manufacturer_category->getManufacturerByCategory($this->request->get['manufacturer_category_id']);
                        $manufacturer_info = $this->model_catalog_manufacturer->getManufacturer($manufacturer_id);
                        if ($manufacturer_info) {
                            $this->data['breadcrumbs'][] = array(
                                'text' => $manufacturer_info['name'],
                                'href' => $this->url->link('product/manufacturer/categories', 'manufacturer_id=' . $manufacturer_id),
                                'separator' => $this->language->get('text_separator')
                            );
                        }
                        $this->load->model('setting/setting');
                        $manufacturer_categories_settings = $this->model_setting_setting->getSetting('manufacturer_category');
                        $category_info = $this->model_catalog_manufacturer_category->getCategory($this->request->get['manufacturer_category_id']);
                        $this->data['show_manufacturer_category_logo_description']  = $manufacturer_categories_settings['show_manufacturer_category_logo_description'];
                        if (!empty($category_info['cat_image']) && !empty($manufacturer_categories_settings['image_manufacturer_category_main_logo_width']) && !empty($manufacturer_categories_settings['image_manufacturer_category_main_logo_height'])) {
                            $this->data['image'] = $this->model_tool_image->resize($category_info['cat_image'], $manufacturer_categories_settings['image_manufacturer_category_main_logo_width'], $manufacturer_categories_settings['image_manufacturer_category_main_logo_height']);
                        } elseif (empty($category_info['cat_image']) && !empty($manufacturer_categories_settings['image_manufacturer_category_main_logo_width']) && !empty($manufacturer_categories_settings['image_manufacturer_category_main_logo_height'])) {
                            $this->data['image'] = $this->model_tool_image->resize('no_image.jpg', $manufacturer_categories_settings['image_manufacturer_category_main_logo_width'], $manufacturer_categories_settings['image_manufacturer_category_main_logo_height']);
                        }elseif (!empty($category_info['cat_image'])) {
                            $this->data['image'] = $this->model_tool_image->resize($category_info['cat_image'], 100, 100);
                        } else {
                            $this->data['image'] = '';
                        }
                        $this->data['description'] = strip_tags(html_entity_decode($category_info['description'], ENT_QUOTES, 'UTF-8'));
                        if (isset($category_info['seo_h1'])) {
                            $this->document->setTitle($category_info['seo_title']);
                        } else {
                            $this->document->setTitle($category_info['name']);
                        }
                        if (isset($category_info['seo_h1'])) {
                            $this->data['heading_title'] = $category_info['seo_h1'];
                        } else {
                            $this->data['heading_title'] = $category_info['name'];
                        }
                        if ($category_info) {
                            $this->data['breadcrumbs'][] = array(
                                'text'      => $category_info['name'],
                                'href' => $this->url->link('product/manufacturer/products', 'manufacturer_category_id=' . $manufacturer_category_id),
                                'separator' => $this->language->get('text_separator')
                            );
                        }
                        $this->data['text_refine'] = $this->language->get('text_refine');
                        $this->data['text_empty'] = $this->language->get('text_empty');
                        $this->data['text_quantity'] = $this->language->get('text_quantity');
                        $this->data['text_manufacturer'] = $this->language->get('text_manufacturer');
                        $this->data['text_model'] = $this->language->get('text_model');
                        $this->data['text_price'] = $this->language->get('text_price');
                        $this->data['text_tax'] = $this->language->get('text_tax');
                        $this->data['text_points'] = $this->language->get('text_points');
                        $this->data['text_compare'] = sprintf($this->language->get('text_compare'), (isset($this->session->data['compare']) ? count($this->session->data['compare']) : 0));
                        $this->data['text_display'] = $this->language->get('text_display');
                        $this->data['text_list'] = $this->language->get('text_list');
                        $this->data['text_grid'] = $this->language->get('text_grid');
                        $this->data['text_sort'] = $this->language->get('text_sort');
                        $this->data['text_limit'] = $this->language->get('text_limit');
                        $this->data['button_cart'] = $this->language->get('button_cart');
                        $this->data['button_wishlist'] = $this->language->get('button_wishlist');
                        $this->data['button_compare'] = $this->language->get('button_compare');
                        $this->data['button_continue'] = $this->language->get('button_continue');
                        $this->document->setDescription($category_info['meta_description']);
                        $this->document->setKeywords($category_info['meta_keyword']);
                        $this->document->addScript('catalog/view/javascript/jquery/jquery.total-storage.min.js');
                        $this->load->model('catalog/manufacturer_category');
                        $products_category_info = $this->model_catalog_manufacturer_category->getCategoryProducts($manufacturer_category_id);
                        $product_total = 0;
                        foreach($products_category_info as $product_id){
                            if($product_id['product_category_manufacturer'] !== ''){
                                if(is_array(json_decode($product_id['product_category_manufacturer'])) && in_array($manufacturer_category_id, json_decode($product_id['product_category_manufacturer']))){
                                    $result = $this->model_catalog_product->getProduct($product_id['product_id']);
                                    $product_total++;
                                    if ($result['image']) {
                                        $image = $this->model_tool_image->resize($result['image'], $this->config->get('config_image_product_width'), $this->config->get('config_image_product_height'));
                                    } else {
                                        $image = $this->model_tool_image->resize('no_image.jpg', $this->config->get('config_image_product_width'), $this->config->get('config_image_product_height'));
                                    }
                                    if (($this->config->get('config_customer_price') && $this->customer->isLogged()) || !$this->config->get('config_customer_price')) {
                                        $price = $this->currency->format($this->tax->calculate($result['price'], $result['tax_class_id'], $this->config->get('config_tax')));
                                    } else {
                                        $price = false;
                                    }
                                    if ((float)$result['special']) {
                                        $special = $this->currency->format($this->tax->calculate($result['special'], $result['tax_class_id'], $this->config->get('config_tax')));
                                    } else {
                                        $special = false;
                                    }

                if ((float)$result['special']) {
				    $mmr_savings = $this->currency->format((($result['special'])-($result['price']))*(-1));
			    } else {
				    $mmr_savings = false;
			    }


                                    if ($this->config->get('config_tax')) {
                                        $tax = $this->currency->format((float)$result['special'] ? $result['special'] : $result['price']);
                                    } else {
                                        $tax = false;
                                    }
                                    if ($this->config->get('config_review_status')) {
                                        $rating = (int)$result['rating'];
                                    } else {
                                        $rating = false;
                                    }
                                    $this->data['products'][] = array(

                'model' => $result['model'],
                'sku'   => $result['sku'],
                'upc'   => $result['upc'],
                'jan'   => $result['jan'],
                'ean'   => $result['ean'],
                'isbn'  => $result['isbn'],
                'mpn'   => $result['mpn'],
                'meta_description'=> $this->config->get('mmr_common_catalog_metadescriptions_enabled') ? $result['meta_description'] : 0,
                'viewed'=> $result['viewed'],
                'date_available'=> $result['date_available'],
                'quantity'=> $result['quantity'],
                'stock'=> ($result['quantity']<=0) ? $result['stock_status'] : $this->language->get('text_instock'),
                'mmr_savings'=> $mmr_savings,
                'attribute_groups' => $this->config->get('mmr_common_catalog_attributes_enabled') ? $this->model_catalog_product->getProductAttributes($result['product_id']) : 0,

                                        'product_id'  => $result['product_id'],
                                        'thumb'       => $image,
                                        'name'        => $result['name'],
                                        'description' => $this->config->get('mmr_common_catalog_descriptions_enabled') ? utf8_substr(strip_tags(html_entity_decode($result['description'], ENT_QUOTES, 'UTF-8')), 0, $this->config->get('mmr_common_descriptions_limit')) . '..' : 0,
                                        'price'       => $price,
                                        'special'     => $special,
                                        'tax'         => $tax,
                                        'rating'      => $result['rating'],
                                        'reviews'     => sprintf($this->language->get('text_reviews'), (int)$result['reviews']),
                                        'href'        => $this->url->link('product/product', '&manufacturer_id=' . $result['manufacturer_id'] . '&product_id=' . $result['product_id'])
                                    );
                                }
                            }
                        }
      		            $this->data['continue'] = $this->url->link('common/home');

                        $url = '';

                        if (isset($this->request->get['filter'])) {
                            $url .= '&filter=' . $this->request->get['filter'];
                        }

                        if (isset($this->request->get['limit'])) {
                            $url .= '&limit=' . $this->request->get['limit'];
                        }

                        $this->data['sorts'] = array();

                        $this->data['sorts'][] = array(
                            'text'  => $this->language->get('text_default'),
                            'value' => 'p.sort_order-ASC',
                            'href'  => $this->url->link('product/manufacturer/products', 'manufacturer_category_id=' . $this->request->get['manufacturer_category_id'] . '&sort=p.sort_order&order=ASC' . $url)
                        );

                        $this->data['sorts'][] = array(
                            'text'  => $this->language->get('text_name_asc'),
                            'value' => 'pd.name-ASC',
                            'href'  => $this->url->link('product/manufacturer/products', 'manufacturer_category_id=' . $this->request->get['manufacturer_category_id'] . '&sort=pd.name&order=ASC' . $url)
                        );

                        $this->data['sorts'][] = array(
                            'text'  => $this->language->get('text_name_desc'),
                            'value' => 'pd.name-DESC',
                            'href'  => $this->url->link('product/manufacturer/products', 'manufacturer_category_id=' . $this->request->get['manufacturer_category_id'] . '&sort=pd.name&order=DESC' . $url)
                        );

                        $this->data['sorts'][] = array(
                            'text'  => $this->language->get('text_price_asc'),
                            'value' => 'p.price-ASC',
                            'href'  => $this->url->link('product/manufacturer/products', 'manufacturer_category_id=' . $this->request->get['manufacturer_category_id'] . '&sort=p.price&order=ASC' . $url)
                        );

                        $this->data['sorts'][] = array(
                            'text'  => $this->language->get('text_price_desc'),
                            'value' => 'p.price-DESC',
                            'href'  => $this->url->link('product/manufacturer/products', 'manufacturer_category_id=' . $this->request->get['manufacturer_category_id'] . '&sort=p.price&order=DESC' . $url)
                        );

                        if ($this->config->get('config_review_status')) {
                            $this->data['sorts'][] = array(
                                'text'  => $this->language->get('text_rating_desc'),
                                'value' => 'rating-DESC',
                                'href'  => $this->url->link('product/manufacturer/products', 'manufacturer_category_id=' . $this->request->get['manufacturer_category_id'] . '&sort=rating&order=DESC' . $url)
                            );

                            $this->data['sorts'][] = array(
                                'text'  => $this->language->get('text_rating_asc'),
                                'value' => 'rating-ASC',
                                'href'  => $this->url->link('product/manufacturer/products', 'manufacturer_category_id=' . $this->request->get['manufacturer_category_id'] . '&sort=rating&order=ASC' . $url)
                            );
                        }

                        $this->data['sorts'][] = array(
                            'text'  => $this->language->get('text_model_asc'),
                            'value' => 'p.model-ASC',
                            'href'  => $this->url->link('product/manufacturer/products', 'manufacturer_category_id=' . $this->request->get['manufacturer_category_id'] . '&sort=p.model&order=ASC' . $url)
                        );

                        $this->data['sorts'][] = array(
                            'text'  => $this->language->get('text_model_desc'),
                            'value' => 'p.model-DESC',
                            'href'  => $this->url->link('product/manufacturer/products', 'manufacturer_category_id=' . $this->request->get['manufacturer_category_id'] . '&sort=p.model&order=DESC' . $url)
                        );

                        $url = '';

                        if (isset($this->request->get['filter'])) {
                            $url .= '&filter=' . $this->request->get['filter'];
                        }

                        if (isset($this->request->get['sort'])) {
                            $url .= '&sort=' . $this->request->get['sort'];
                        }

                        if (isset($this->request->get['order'])) {
                            $url .= '&order=' . $this->request->get['order'];
                        }

                        $this->data['limits'] = array();

                        $limits = array_unique(array($this->config->get('config_catalog_limit'), 25, 50, 75, 100));

                        sort($limits);

                        foreach($limits as $value){
                            $this->data['limits'][] = array(
                                'text'  => $value,
                                'value' => $value,
                                'href'  => $this->url->link('product/manufacturer/products', 'manufacturer_category_id=' . $this->request->get['manufacturer_category_id'] . $url . '&limit=' . $value)
                            );
                        }


                        $pagination = new Pagination();
                        $pagination->total = $product_total;
                        $pagination->page = $page;
                        $pagination->limit = $limit;
                        $pagination->text = $this->language->get('text_pagination');
                        $pagination->url = $this->url->link('product/manufacturer/products', 'manufacturer_category_id=' . $this->request->get['manufacturer_category_id'] . $url . '&page={page}');
                        $this->data['pagination'] = $pagination->render();
                        $this->data['sort'] = $sort;
                        $this->data['order'] = $order;
                        $this->data['limit'] = $limit;

                        if (file_exists(DIR_TEMPLATE . $this->config->get('config_template') . '/template/product/manufacturer_categories_products.tpl')) {
                            $this->template = $this->config->get('config_template') . '/template/product/manufacturer_categories_products.tpl';
                        } else {
                            $this->template = 'default/template/product/manufacturer_categories_products.tpl';
                        }
                        $this->children = array(
                            'common/column_left',
                            'common/column_right',
                            'common/content_top',
                            'common/content_bottom',
                            'common/footer',
                            'common/header'
                        );
                        $this->response->setOutput($this->render());
                    }
			]]></add>
        </operation>
    </file>
    <file name="catalog/view/theme/moneymaker/template/common/header.tpl">
        <operation>
            <search position="before"><![CDATA[<?php foreach ($categories as $category) { ?>]]></search>
            <add><![CDATA[
             <?php if ($menu_position == 'start') { ?>
                  <?php if (isset($brands)) { ?>
                      <?php foreach ($brands as $brand) { ?>
                          <li class="dropdown <?php if (isset($this->request->get['route']) && $this->request->get['route'] == 'product/manufacturer') { ?>active<?php } ?>">
                              <?php if ($column == 0) { ?>
                                  <a href="<?php echo $href; ?>"><?php echo $brand['name']; ?></a>
                              <?php } else { ?>
                                  <a href="javascript:void(0);" class="dropdown-toggle" data-toggle="dropdown" data-hover="dropdown"><?php echo $brand['name']; ?> <span class="caret"></span></a>
                                  <?php if ($manufacturers_with_categories) { ?>
                                      <div class="dropdown-menu keep_open">
                                          <div class="dropdown-inner children-category">
                                          <?php for ($i = 0; $i < count($manufacturers_with_categories);) { ?>
                                                  <?php $j = $i + ceil(count($manufacturers_with_categories) / $column); ?>
                                                  <?php for (; $i < $j; $i++) { ?>
                                                      <?php if (isset($manufacturers_with_categories[$i][0])) { ?>
                                                      <ul class="list-unstyled" style="width: <?php echo (100/$column)-1; ?>%">
                                                                  <li class="b-menu_dropdown__item"><a
                                                                          href="<?php echo $manufacturers_with_categories[$i][0]['manufacturer_href']; ?>">
                                                                         <?php if ($this->config->get('mmr_header_categories_description_hidden')!=1) { ?>
                                                                              <div class="img-thumbnail-transparent text-center">
                                                                                  <img alt="<?php echo $manufacturers_with_categories[$i][0]['manufacturer_image']; ?>" src="<?php echo $manufacturers_with_categories[$i][0]['manufacturer_image']; ?>" />
                                                                              </div>
                                                                          <?php } ?>
                                                                          <?php echo $manufacturers_with_categories[$i][0]['manufacturer_name']; ?> (<?php echo $manufacturers_with_categories[$i][0]['count_manufacturer_products'] ?>)</a>
                                                                  </li>
                                                              <?php if (isset($manufacturers_with_categories[$i]) && !empty($manufacturers_with_categories[$i][0]['name']) && $category_manufacturer_third_level == 1) { ?>
                                                                  <?php foreach ($manufacturers_with_categories[$i] as $key => $child) { ?>
                                                                      <?php if ($this->config->get('mmr_header_categories_hidden')!=1&&$this->config->get('mmr_header_categories_hide_limit')&&$key>$this->config->get('mmr_header_categories_hide_limit')-1) { ?>
                                                                          <li class="child"><a style="padding-top: 6px;" href="<?php echo $child['manufacturer_category_href']; ?>"><?php echo $this->language->get('heading_title'); ?> (+<?php echo count($child['name'])-$key; ?>)</a></li>
                                                                          <?php break; ?>
                                                                      <?php } ?>
                                                                      <li class="child"><a href="<?php echo $child['manufacturer_category_href']; ?>">-&nbsp;<?php echo $child['name']; ?></a></li>
                                                                  <?php } ?>
                                                              <?php } ?>
                                                      </ul>
                                                      <?php } ?>
                                                  <?php } ?>
                                          <?php } ?>
                                      </div>
                                      </div>
                                  <?php } ?>
                              <?php } ?>
                          </li>
                      <?php } ?>
                  <?php } ?>
              <?php } ?>
			]]></add>
        </operation>
        <operation>
            <search position="after" offset="2"><![CDATA[        <li <?php if (isset($this->request->get['path'])) { $cat_id = explode("_", $this->request->get['path']); if ($category['category_id']==$cat_id[0]) { ?>class="active"<?php } } ?>><a href="<?php echo $category['href']; ?>"><?php echo $category['name']; ?></a></li>]]></search>
            <add><![CDATA[
                <?php if ($menu_position == 'end') { ?>
                  <?php if (isset($brands)) { ?>
                      <?php foreach ($brands as $brand) { ?>
                          <li class="dropdown <?php if (isset($this->request->get['route']) && $this->request->get['route'] == 'product/manufacturer') { ?>active<?php } ?>">
                              <?php if ($column == 0) { ?>
                                  <a href="<?php echo $href; ?>"><?php echo $brand['name']; ?></a>
                              <?php } else { ?>
                                  <a href="javascript:void(0);" class="dropdown-toggle" data-toggle="dropdown" data-hover="dropdown"><?php echo $brand['name']; ?> <span class="caret"></span></a>
                                  <?php if ($manufacturers_with_categories) { ?>
                                      <div class="dropdown-menu keep_open">
                                          <div class="dropdown-inner children-category">
                                          <?php for ($i = 0; $i < count($manufacturers_with_categories);) { ?>
                                                  <?php $j = $i + ceil(count($manufacturers_with_categories) / $column); ?>
                                                  <?php for (; $i < $j; $i++) { ?>
                                                      <?php if (isset($manufacturers_with_categories[$i][0])) { ?>
                                                      <ul class="list-unstyled" style="width: <?php echo (100/$column)-1; ?>%">
                                                                  <li class="b-menu_dropdown__item"><a
                                                                          href="<?php echo $manufacturers_with_categories[$i][0]['manufacturer_href']; ?>">
                                                                         <?php if ($this->config->get('mmr_header_categories_description_hidden')!=1) { ?>
                                                                              <div class="img-thumbnail-transparent text-center">
                                                                                  <img alt="<?php echo $manufacturers_with_categories[$i][0]['manufacturer_image']; ?>" src="<?php echo $manufacturers_with_categories[$i][0]['manufacturer_image']; ?>" />
                                                                              </div>
                                                                          <?php } ?>
                                                                          <?php echo $manufacturers_with_categories[$i][0]['manufacturer_name']; ?> (<?php echo $manufacturers_with_categories[$i][0]['count_manufacturer_products'] ?>)</a>
                                                                  </li>
                                                              <?php if (isset($manufacturers_with_categories[$i]) && !empty($manufacturers_with_categories[$i][0]['name']) && $category_manufacturer_third_level == 1) { ?>
                                                                  <?php foreach ($manufacturers_with_categories[$i] as $key => $child) { ?>
                                                                      <?php if ($this->config->get('mmr_header_categories_hidden')!=1&&$this->config->get('mmr_header_categories_hide_limit')&&$key>$this->config->get('mmr_header_categories_hide_limit')-1) { ?>
                                                                          <li class="child"><a style="padding-top: 6px;" href="<?php echo $child['manufacturer_category_href']; ?>"><?php echo $this->language->get('heading_title'); ?> (+<?php echo count($child['name'])-$key; ?>)</a></li>
                                                                          <?php break; ?>
                                                                      <?php } ?>
                                                                      <li class="child"><a href="<?php echo $child['manufacturer_category_href']; ?>">-&nbsp;<?php echo $child['name']; ?></a></li>
                                                                  <?php } ?>
                                                              <?php } ?>
                                                      </ul>
                                                      <?php } ?>
                                                  <?php } ?>
                                          <?php } ?>
                                      </div>
                                      </div>
                                  <?php } ?>
                              <?php } ?>
                          </li>
                      <?php } ?>
                  <?php } ?>
              <?php } ?>
			]]></add>
        </operation>
    </file>
    <file name="catalog/view/theme/moneymaker/template/product/manufacturer_list.tpl">
        <operation>
            <search position="replace"><![CDATA[<?php foreach (array_chunk($category['manufacturer'], 3) as $manufacturers) { ?>]]></search>
            <add><![CDATA[<?php foreach (array_chunk($category['manufacturer'], 8) as $manufacturers) { ?>
			]]></add>
        </operation>
        <operation>
            <search position="replace"><![CDATA[<div class="col-sm-4"><a href="<?php echo $manufacturer['href']; ?>"><?php echo $manufacturer['name']; ?></a></div>]]></search>
            <add><![CDATA[
                    <div class="category-layout">
                        <span>
                        <a href="<?php echo $manufacturer['href']; ?>">
                            <?php if ($manufacturer['image'] != '') { ?>
                                <img src="<?php echo $manufacturer['image']; ?>"
                                     title="<?php echo $manufacturer['name']; ?>"
                                     alt="<?php echo $manufacturer['name']; ?>"/>
                            <?php } ?>
                            <div><?php echo $manufacturer['name']; ?></div>
                        </a>
                            <?php if($show_count_manufacturer_products == 1){?>
                                <span>(<?php echo $manufacturer['count_products']; ?>)</span>
                            <?php } ?>
                        </span>
                    </div>
			]]></add>
        </operation>
    </file>
    <file name="catalog/model/catalog/product.php">
        <operation>
            <search position="after"><![CDATA[class ModelCatalogProduct extends Model {]]></search>
            <add><![CDATA[
                		    private $NOW;

                            public function __construct($registry) {
                                $this->NOW = date('Y-m-d H:i') . ':00';
                                parent::__construct($registry);
                            }

                            private $FOUND_ROWS;

                            public function getFoundProducts() {
                                return $this->FOUND_ROWS;
                            }
			]]></add>
        </operation>
    </file>
    <file name="catalog/model/catalog/manufacturer.php">
        <operation>
            <search position="replace"><![CDATA[$query = $this->db->query("SELECT * FROM " . DB_PREFIX . "manufacturer m LEFT JOIN " . DB_PREFIX . "manufacturer_to_store m2s ON (m.manufacturer_id = m2s.manufacturer_id) WHERE m.manufacturer_id = '" . (int)$manufacturer_id . "' AND m2s.store_id = '" . (int)$this->config->get('config_store_id') . "'");]]></search>
            <add><![CDATA[
                    $query = $this->db->query("SELECT * FROM " . DB_PREFIX . "manufacturer m LEFT JOIN " . DB_PREFIX . "manufacturer_to_store m2s ON (m.manufacturer_id = m2s.manufacturer_id) LEFT JOIN " . DB_PREFIX . "manufacturer_description md ON (md.manufacturer_id = m.manufacturer_id AND md.description IN (SELECT md.description FROM " . DB_PREFIX . "manufacturer_description WHERE md.manufacturer_id = m.manufacturer_id)) WHERE m.manufacturer_id = '" . (int)$manufacturer_id . "' AND m2s.store_id = '" . (int)$this->config->get('config_store_id') . "'");
                ]]></add>
        </operation>
        <operation>
            <search position="replace"><![CDATA[$query = $this->db->query("SELECT * FROM " . DB_PREFIX . "manufacturer m LEFT JOIN " . DB_PREFIX . "manufacturer_to_store m2s ON (m.manufacturer_id = m2s.manufacturer_id) WHERE m2s.store_id = '" . (int)$this->config->get('config_store_id') . "' ORDER BY name");]]></search>
            <add><![CDATA[
                    $query = $this->db->query("SELECT m.manufacturer_id AS manufacturer_id, m.name AS name, m.image AS image, m.sort_order AS sort_order, m2s.store_id AS store_id, md.description AS description, md.meta_description AS meta_description, md.meta_keyword AS meta_keyword, md.seo_title AS seo_title, md.seo_h1 AS seo_h1 FROM " . DB_PREFIX . "manufacturer m LEFT JOIN " . DB_PREFIX . "manufacturer_to_store m2s ON (m.manufacturer_id = m2s.manufacturer_id) LEFT JOIN " . DB_PREFIX . "manufacturer_description md ON (md.manufacturer_id = m.manufacturer_id  AND md.description IN (SELECT md.description FROM " . DB_PREFIX . "manufacturer_description WHERE md.language_id = '" . (int)$this->config->get('config_language_id') . "')) WHERE m2s.store_id = '" . (int)$this->config->get('config_store_id') . "' ORDER BY name");
                    ]]></add>
        </operation>
        <operation error="abort">
            <search position="before"><![CDATA[public function getManufacturers($data = array()) {]]></search>
            <add><![CDATA[	public function getManufacturerDescription($manufacturer_id) {
            $query = $this->db->query("SHOW TABLES LIKE '" . DB_PREFIX . "manufacturer_description'");

            if(!$query->num_rows) {
                return false;
            }

            $manufacturer_description_data = array();

            $query = $this->db->query("SELECT * FROM " . DB_PREFIX . "manufacturer_description WHERE manufacturer_id = '" . (int)$manufacturer_id . "' AND language_id = '" . (int)$this->config->get('config_language_id') . "'");

            if ($query->num_rows) {
                return array(
                    'seo_h1'           => $query->row['seo_h1'],
                    'seo_title'        => $query->row['seo_title'],
                    'description'      => $query->row['description'],
                    'meta_keyword'     => $query->row['meta_keyword'],
                    'meta_description' => $query->row['meta_description'],
                );
            }

            return false;
        }
        ]]></add>
        </operation>
    </file>
</modification>