<modification>
    <id>Moneymaker Template - Recently Viewed Module Adaptation</id>
    <version>1.1.8</version>
    <vqmver>2.3</vqmver>
    <author>RGB</author>
    <file name="catalog/controller/module/viewed.php">
        <!-- savings -->
        <operation>
            <search position="before">
                <![CDATA[if ((float)$product_info['special']) {]]>
            </search>
            <add>
                <![CDATA[
                if ((float)$product_info['special']) {
				    $mmr_savings = $this->currency->format((($product_info['special'])-($product_info['price']))*(-1));
			    } else {
				    $mmr_savings = false;
			    }
                ]]>
            </add>
        </operation>
        <!-- in stock text -->
        <operation>
            <search position="before">
                <![CDATA[$this->language->load('module/viewed');]]>
            </search>
            <add>
                <![CDATA[$this->language->load('product/product');]]>
            </add>
        </operation>
        <!-- additional fields -->
<operation>
            <search position="after"><![CDATA[$this->data['products'][] = array(]]></search>
            <add><![CDATA[
                'description' => $this->config->get('mmr_common_catalog_descriptions_enabled') ? utf8_substr(strip_tags(html_entity_decode($product_info['description'], ENT_QUOTES, 'UTF-8')), 0, $this->config->get('mmr_common_descriptions_limit')) . '..' : 0,
                'attribute_groups' => $this->config->get('mmr_common_catalog_attributes_enabled') ? $this->model_catalog_product->getProductAttributes($product_info['product_id']) : 0,
                'model' => $product_info['model'],
                'sku'   => $product_info['sku'],
                'upc'   => $product_info['upc'],
                'jan'   => $product_info['jan'],
                'ean'   => $product_info['ean'],
                'isbn'  => $product_info['isbn'],
                'mpn'   => $product_info['mpn'],
                'viewed'=> $product_info['viewed'],
                'meta_description'=> $this->config->get('mmr_common_catalog_metadescriptions_enabled') ? $product_info['meta_description'] : 0,
                'date_available'=> $product_info['date_available'],
                'quantity'=> $product_info['quantity'],
                'stock'=> ($product_info['quantity']<=0) ? $product_info['stock_status'] : $this->language->get('text_instock'),
                'mmr_savings'=> $mmr_savings,
                ]]></add>
        </operation>
        <!-- product no_image -->
        <operation error="skip">
            <search position="replace"><![CDATA[$image = false;]]></search>
            <add><![CDATA[$image = $this->model_tool_image->resize('no_image.jpg', $setting['image_width'], $setting['image_height']);]]></add>
        </operation>
    </file>
</modification>