<modification>
    <id>Moneymaker Template - 1000 categories Module Adaptation</id>
    <version>1.1.9</version>
    <vqmver>2.3</vqmver>
    <author>RGB</author>
    <file name="catalog/controller/module/1000_categories_accordion.php">
        <operation>
            <search position="replace">
                <![CDATA[$ret_string .= '<ul class="categories_1000">';]]>
            </search>
            <add>
                <![CDATA[$ret_string .= '<ul class="box-category">';]]>
            </add>
        </operation>
        <operation>
            <search position="replace">
                <![CDATA[$ret_string .= '<ul id="children_' . $parent_id . '" loaded="1">';]]>
            </search>
            <add>
                <![CDATA[$ret_string .= '<ul class="list-unstyled" id="children_' . $parent_id . '" loaded="1">';]]>
            </add>
        </operation>
        <operation>
            <search position="replace">
                <![CDATA[$children =  '<ul id="children_'.$result['category_id'].'"></ul>';]]>
            </search>
            <add>
                <![CDATA[$children =  '<ul class="list-unstyled" id="children_'.$result['category_id'].'"></ul>';]]>
            </add>
        </operation>
    </file>
    <file name="catalog/view/theme/default/template/module/1000_categories_accordion.tpl">
        <operation>
            <search position="replace">
                <![CDATA[<div class="box-category"><?php echo $category_accordion_menu ?></div>]]>
            </search>
            <add>
                <![CDATA[<?php echo $category_accordion_menu ?>]]>
            </add>
        </operation>
               
    </file>
    
</modification>